Gmt time,Close,Volume,Open,High,Low
2024-12-27 00:00:00,94534.0,,96395.4,94669.2,94124.7
2024-12-26 00:00:00,96343.7,,98958.1,96553.8,95391.1
2024-12-25 00:00:00,98395.5,,98019.1,99922.5,98324.0
2024-12-24 00:00:00,98263.5,,94345.0,98839.7,97722.3
2024-12-23 00:00:00,94142.8,,96014.2,94855.1,93566.2
2024-12-22 00:00:00,95836.2,,96985.3,96487.5,93751.2
2024-12-21 00:00:00,96219.2,,97585.2,97422.2,96194.9
2024-12-20 00:00:00,97570.7,,97300.6,97809.8,97190.0
2024-12-19 00:00:00,97414.3,,100651.0,97803.2,95995.2
2024-12-18 00:00:00,100811.0,,103889.0,101269.0,98909.9
2024-12-17 00:00:00,103696.0,,106504.0,106478.0,103605.0
2024-12-16 00:00:00,106484.0,,104675.0,106961.0,105686.0
2024-12-15 00:00:00,104508.0,,102358.0,106569.0,104296.0
2024-12-14 00:00:00,102202.0,,101686.0,102834.0,101235.0
2024-12-13 00:00:00,101700.0,,100003.0,102633.0,101150.0
2024-12-12 00:00:00,100051.0,,100677.0,100351.0,99214.2
2024-12-11 00:00:00,100656.0,,97543.2,101828.0,100345.0
2024-12-10 00:00:00,97560.2,,97024.7,97622.7,95689.5
2024-12-09 00:00:00,96719.3,,99417.2,98131.6,95587.8
2024-12-08 00:00:00,99736.0,,99165.8,100317.0,99354.5
2024-12-07 00:00:00,99939.7,,100412.0,100442.0,98969.0
2024-12-06 00:00:00,99566.7,,97881.0,100442.0,99099.3
2024-12-05 00:00:00,97954.1,,103316.0,98795.8,96452.0
2024-12-04 00:00:00,103127.0,,95998.3,103719.0,97949.1
2024-12-03 00:00:00,95833.3,,95918.8,96606.5,95344.2
2024-12-02 00:00:00,95942.4,,96728.0,96228.7,95407.8
2024-12-01 00:00:00,96642.0,,96486.5,98082.0,96137.3
2024-11-30 00:00:00,96403.9,,96688.1,96667.5,95721.8
2024-11-29 00:00:00,96672.1,,96258.8,97461.9,96371.5
2024-11-28 00:00:00,96407.6,,95760.2,96825.4,95405.7
2024-11-27 00:00:00,95649.2,,92538.4,96549.0,94867.1
2024-11-26 00:00:00,92549.2,,94300.6,93179.1,91795.5
2024-11-25 00:00:00,94440.2,,97814.6,94909.3,92827.3
2024-11-24 00:00:00,97706.5,,98188.2,98051.9,96953.4
2024-11-23 00:00:00,98096.2,,98622.3,98552.6,97644.0
2024-11-22 00:00:00,98429.4,,98804.5,98927.2,98341.8
2024-11-21 00:00:00,98817.0,,97487.4,99289.3,97868.9
2024-11-20 00:00:00,96865.2,,92147.2,96904.8,94063.8
2024-11-19 00:00:00,92191.1,,91506.8,92419.7,91517.4
2024-11-18 00:00:00,91376.0,,90445.6,91805.7,90378.7
2024-11-17 00:00:00,90532.0,,90384.4,90916.6,89674.2
2024-11-16 00:00:00,90469.5,,91274.6,90883.9,89387.7
2024-11-15 00:00:00,91239.9,,87443.8,91673.9,90863.5
2024-11-14 00:00:00,87221.6,,90100.6,88463.7,87118.8
2024-11-13 00:00:00,90015.6,,87216.0,90523.2,89375.1
2024-11-12 00:00:00,86313.8,,88474.4,88533.4,86313.8
2024-11-11 00:00:00,88728.2,,81468.0,89436.1,86742.6
2024-11-10 00:00:00,81361.7,,79079.2,81792.4,80231.8
2024-11-09 00:00:00,76383.3,,76371.8,76793.8,75732.5
2024-11-08 00:00:00,76369.6,,75849.1,76629.3,76147.0
2024-11-07 00:00:00,75901.8,,74730.5,76359.5,75599.0
2024-11-06 00:00:00,74675.1,,74457.1,75995.3,74627.8
2024-11-05 00:00:00,74552.9,,68335.7,74954.6,69323.0
2024-11-04 00:00:00,68346.0,,69038.4,68489.7,67473.6
2024-11-03 00:00:00,69121.0,,68378.6,69483.4,68257.5
2024-11-02 00:00:00,68423.0,,69660.6,69383.6,67882.5
2024-11-01 00:00:00,69671.2,,69557.6,69896.9,69478.7
2024-10-31 00:00:00,69369.8,,72551.6,70445.2,68860.5
2024-10-30 00:00:00,72354.7,,72339.2,72589.8,72043.8
2024-10-29 00:00:00,72233.8,,71181.8,72772.6,72016.4
2024-10-28 00:00:00,70943.7,,67724.5,71521.0,69753.2
2024-10-27 00:00:00,67706.1,,67279.1,68102.9,67673.6
2024-10-26 00:00:00,67032.2,,66690.8,67119.5,66924.6
2024-10-25 00:00:00,66884.2,,67995.5,67007.0,66443.8
2024-10-24 00:00:00,68017.3,,67216.5,68266.6,67832.2
2024-10-23 00:00:00,67266.7,,67074.9,67588.0,66510.6
2024-10-22 00:00:00,67342.3,,67494.0,67441.1,67134.3
2024-10-21 00:00:00,67362.9,,68936.7,67684.0,66609.4
2024-10-20 00:00:00,68883.8,,68187.5,69490.8,68599.2
2024-10-19 00:00:00,68165.6,,68448.7,68444.7,67443.9
2024-10-18 00:00:00,68498.7,,67555.8,68688.8,68306.6
2024-10-17 00:00:00,67633.2,,67604.5,68201.3,67190.9
2024-10-16 00:00:00,67656.3,,67096.7,67933.5,67416.8
2024-10-15 00:00:00,67171.2,,65392.1,67557.2,66766.6
2024-10-14 00:00:00,65448.3,,64277.3,66317.5,65379.0
2024-10-13 00:00:00,64052.6,,62703.2,64186.6,62463.7
2024-10-12 00:00:00,62707.2,,62565.8,63284.6,62680.0
2024-10-11 00:00:00,62538.0,,60612.4,63037.9,62486.1
2024-10-10 00:00:00,60659.6,,60857.1,60698.5,60080.6
2024-10-09 00:00:00,60888.8,,62389.1,60947.5,60370.7
2024-10-08 00:00:00,62369.5,,62624.1,62479.3,62010.1
2024-10-07 00:00:00,62596.4,,63529.7,62802.0,62166.9
2024-10-06 00:00:00,63510.8,,61886.2,63958.3,62670.2
2024-10-05 00:00:00,61920.9,,61861.7,62145.7,61889.5
2024-10-04 00:00:00,61931.3,,60950.6,62192.7,61705.7
2024-10-03 00:00:00,60970.0,,61463.2,61269.6,60469.3
2024-10-02 00:00:00,61336.2,,61748.2,61371.1,60544.0
2024-10-01 00:00:00,61774.4,,63722.2,61877.5,60752.2
2024-09-30 00:00:00,63686.5,,64546.9,63734.1,63007.7
2024-09-29 00:00:00,64520.2,,65817.3,65607.0,64215.2
2024-09-28 00:00:00,65756.2,,65989.0,65980.8,65654.8
2024-09-27 00:00:00,66069.1,,65373.5,66232.5,65732.7
2024-09-26 00:00:00,65355.0,,63502.3,65355.0,64839.2
2024-09-25 00:00:00,63503.9,,64456.8,63537.2,62693.3
2024-09-24 00:00:00,64401.6,,63125.5,64788.5,64018.9
2024-09-23 00:00:00,63130.0,,64350.8,63394.4,62740.8
2024-09-22 00:00:00,64414.3,,63108.5,64723.4,62650.0
2024-09-21 00:00:00,63084.3,,62889.9,63441.2,62836.9
2024-09-20 00:00:00,62952.5,,63705.7,63285.7,62829.2
2024-09-19 00:00:00,63563.7,,62116.0,63563.7,62624.8
2024-09-18 00:00:00,62087.1,,60513.2,62539.8,61596.5
2024-09-17 00:00:00,60579.3,,58056.0,60755.0,59911.2
2024-09-16 00:00:00,58111.1,,58576.1,58342.4,57630.2
2024-09-15 00:00:00,58562.0,,60160.0,59204.3,58138.6
2024-09-14 00:00:00,60145.7,,60295.0,60268.2,59994.1
2024-09-13 00:00:00,60350.7,,58053.0,60609.4,60293.7
2024-09-12 00:00:00,57907.8,,57946.6,58240.7,57882.8
2024-09-11 00:00:00,58259.2,,56926.3,58445.7,57335.5
2024-09-10 00:00:00,56777.6,,56777.3,57726.1,56704.8
2024-09-09 00:00:00,56595.3,,55119.8,57059.9,56584.5
2024-09-08 00:00:00,55184.9,,54340.2,55337.4,54740.2
2024-09-07 00:00:00,54179.0,,52865.6,54819.2,53754.3
2024-09-06 00:00:00,53836.6,,56593.9,54066.6,53754.3
2024-09-05 00:00:00,56680.2,,57123.4,56844.8,55996.7
2024-09-04 00:00:00,57118.7,,56653.4,58318.9,56956.4
2024-09-03 00:00:00,56734.5,,59109.7,57929.8,55732.1
2024-09-02 00:00:00,59131.2,,57757.5,59799.7,59046.8
2024-09-01 00:00:00,57647.0,,58526.1,57736.6,57185.8
2024-08-31 00:00:00,58604.2,,59237.3,59058.7,58289.1
2024-08-30 00:00:00,59254.6,,59036.3,59447.0,59084.0
2024-08-29 00:00:00,59076.9,,59143.5,59480.7,58923.6
2024-08-28 00:00:00,59192.7,,62764.5,59649.3,58932.1
2024-08-27 00:00:00,59309.4,,62920.6,59448.3,58932.1
2024-08-26 00:00:00,62960.0,,64118.4,63201.4,62671.0
2024-08-25 00:00:00,64095.5,,64108.3,64472.5,63812.9
2024-08-24 00:00:00,64210.3,,63635.4,64458.9,63643.2
2024-08-23 00:00:00,63817.1,,60597.0,64178.0,63643.2
2024-08-22 00:00:00,60581.8,,60552.2,60922.2,60354.4
2024-08-21 00:00:00,60445.6,,59299.9,61213.1,59815.8
2024-08-20 00:00:00,59233.1,,60604.6,59512.4,58831.1
2024-08-19 00:00:00,60587.7,,58743.2,60878.5,59382.1
2024-08-18 00:00:00,58731.8,,59340.4,58760.8,58274.7
2024-08-17 00:00:00,59515.1,,59154.9,60210.3,59395.3
2024-08-16 00:00:00,59041.2,,57892.4,59387.4,58825.5
2024-08-15 00:00:00,57900.2,,58443.1,58374.2,57129.1
2024-08-14 00:00:00,58475.9,,60966.0,59047.2,58076.7
2024-08-13 00:00:00,61064.2,,59030.1,61268.5,60437.2
2024-08-12 00:00:00,58960.6,,58511.4,59908.7,58890.0
2024-08-11 00:00:00,58554.6,,61097.5,59072.8,58283.4
2024-08-10 00:00:00,61116.2,,60441.2,61361.6,60902.1
2024-08-09 00:00:00,60507.3,,61365.8,61344.5,60322.5
2024-08-08 00:00:00,61285.7,,57079.9,61712.3,60818.5
2024-08-07 00:00:00,57209.1,,56883.1,57635.7,54786.9
2024-08-06 00:00:00,56789.1,,55682.9,57260.5,55641.3
2024-08-05 00:00:00,55701.4,,53942.4,56228.6,53998.2
2024-08-04 00:00:00,54162.3,,60731.1,58291.4,52659.8
2024-08-03 00:00:00,60379.5,,61989.0,62184.2,59914.6
2024-08-02 00:00:00,61813.9,,64598.8,61847.5,60532.9
2024-08-01 00:00:00,64471.7,,63941.2,65567.1,63697.1
2024-07-31 00:00:00,64036.6,,66070.9,64827.6,63763.1
2024-07-30 00:00:00,66047.0,,66609.6,66395.5,65912.2
2024-07-29 00:00:00,66545.2,,69350.6,66868.2,65896.9
2024-07-28 00:00:00,69349.9,,67945.1,69762.0,68178.7
2024-07-27 00:00:00,68039.2,,67802.0,68279.0,67392.9
2024-07-26 00:00:00,67792.4,,67049.9,68080.2,67647.0
2024-07-25 00:00:00,67092.0,,64113.7,67438.5,65764.3
2024-07-24 00:00:00,63991.8,,66054.4,65615.9,63914.4
2024-07-23 00:00:00,66054.5,,67649.9,66105.3,65481.1
2024-07-22 00:00:00,67486.8,,67051.3,68468.9,67484.7
2024-07-21 00:00:00,67923.6,,67292.3,68468.9,67787.9
2024-07-20 00:00:00,67192.6,,66583.4,67395.4,66977.0
2024-07-19 00:00:00,66670.6,,63814.4,66825.6,66257.4
2024-07-18 00:00:00,64290.3,,64700.2,64365.0,63326.1
2024-07-17 00:00:00,64919.9,,65621.9,65040.1,63923.3
2024-07-16 00:00:00,65758.0,,64762.8,66051.5,64975.5
2024-07-15 00:00:00,64773.5,,62653.1,64953.4,64457.3
2024-07-14 00:00:00,62704.3,,59483.5,62745.4,60678.8
2024-07-13 00:00:00,59388.6,,57813.8,59837.8,59207.9
2024-07-12 00:00:00,57861.7,,56918.0,57976.9,57770.6
2024-07-11 00:00:00,56919.7,,57566.6,57563.2,56575.7
2024-07-10 00:00:00,57454.5,,58181.8,58350.3,57095.0
2024-07-09 00:00:00,58151.0,,57167.8,58152.7,57376.9
2024-07-08 00:00:00,57200.8,,55174.9,57299.2,56306.3
2024-07-07 00:00:00,55155.5,,57969.3,56017.0,54320.0
2024-07-06 00:00:00,57860.7,,56592.1,58258.7,57860.0
2024-07-05 00:00:00,56399.9,,55226.5,56975.7,56198.0
2024-07-04 00:00:00,55337.8,,59102.9,57471.1,55109.0
2024-07-03 00:00:00,59045.5,,60957.5,60463.0,58055.4
2024-07-02 00:00:00,60947.2,,63118.8,62263.6,60756.9
2024-07-01 00:00:00,63111.8,,63426.4,63257.0,62794.0
2024-06-30 00:00:00,63434.0,,60888.4,63786.8,62583.4
2024-06-29 00:00:00,60917.5,,60738.1,61061.8,60757.7
2024-06-28 00:00:00,60745.0,,61814.6,60979.2,60382.8
2024-06-27 00:00:00,61805.1,,61006.2,62175.4,61478.0
2024-06-26 00:00:00,61028.5,,61934.9,61206.4,60786.4
2024-06-25 00:00:00,61963.8,,61299.1,62469.4,61652.7
2024-06-24 00:00:00,61376.3,,62857.1,61585.5,60262.2
2024-06-23 00:00:00,62914.2,,64420.0,63357.1,62732.8
2024-06-22 00:00:00,64460.6,,64319.4,64518.9,64261.0
2024-06-21 00:00:00,64275.7,,64512.9,64335.6,63944.0
2024-06-20 00:00:00,64696.4,,65179.0,65054.9,64638.5
2024-06-19 00:00:00,65294.2,,65464.7,65706.4,64843.9
2024-06-18 00:00:00,65430.8,,65483.4,65561.2,64843.9
2024-06-17 00:00:00,65502.2,,66231.8,66571.2,64589.4
2024-06-16 00:00:00,66290.6,,66139.5,66893.0,66243.9
2024-06-15 00:00:00,66039.1,,65735.1,66446.4,65895.1
2024-06-14 00:00:00,66235.0,,66736.2,66274.7,65976.2
2024-06-13 00:00:00,66738.9,,67455.8,67018.0,66495.9
2024-06-12 00:00:00,67322.9,,67403.4,68384.6,67014.5
2024-06-11 00:00:00,67389.8,,68456.9,67577.8,66911.5
2024-06-10 00:00:00,68320.5,,69612.3,69573.3,67969.3
2024-06-09 00:00:00,69611.8,,69259.7,69798.1,69426.0
2024-06-08 00:00:00,69275.0,,69439.3,69337.4,69136.7
2024-06-07 00:00:00,69485.6,,70990.7,69514.7,69295.1
2024-06-06 00:00:00,70979.2,,71053.3,70998.0,70668.0
2024-06-05 00:00:00,71053.7,,70838.6,71237.8,70910.1
2024-06-04 00:00:00,70873.9,,69136.7,71224.5,70433.2
2024-06-03 00:00:00,69154.6,,68408.1,69361.6,68707.9
2024-06-02 00:00:00,68441.3,,67712.6,68778.1,67616.8
2024-06-01 00:00:00,67796.6,,67715.0,67893.3,67641.1
2024-05-31 00:00:00,67715.5,,68535.6,67746.5,67449.6
2024-05-30 00:00:00,68611.5,,68093.5,68705.8,68292.7
2024-05-29 00:00:00,68144.4,,68670.2,68183.0,67462.6
2024-05-28 00:00:00,67796.0,,68392.8,69560.7,67496.1
2024-05-27 00:00:00,67914.3,,68872.3,69560.7,67795.6
2024-05-26 00:00:00,68839.7,,69073.2,69283.6,68480.4
2024-05-25 00:00:00,69124.7,,68754.3,69310.6,68849.1
2024-05-24 00:00:00,68759.5,,67876.9,68889.9,68516.1
2024-05-23 00:00:00,67910.7,,69436.6,68002.0,67635.1
2024-05-22 00:00:00,69337.0,,69952.2,69594.4,69166.3
2024-05-21 00:00:00,69917.4,,71272.9,70343.9,69829.5
2024-05-20 00:00:00,71369.6,,66676.0,71872.0,70754.4
2024-05-19 00:00:00,66680.9,,67169.1,66755.5,66076.5
2024-05-18 00:00:00,67151.9,,66951.7,67284.6,66843.6
2024-05-17 00:00:00,66930.2,,65595.8,67048.7,66752.3
2024-05-16 00:00:00,65646.9,,65984.6,65834.2,65121.7
2024-05-15 00:00:00,66032.2,,61945.6,66643.9,65817.0
2024-05-14 00:00:00,61915.9,,62479.7,62018.0,61357.5
2024-05-13 00:00:00,62403.7,,61172.3,63102.6,62386.1
2024-05-12 00:00:00,61071.9,,60929.7,61790.0,60779.0
2024-05-11 00:00:00,60905.6,,60723.8,61101.1,60806.6
2024-05-10 00:00:00,60745.9,,62916.1,61076.9,60673.4
2024-05-09 00:00:00,62864.3,,61678.5,63090.7,62669.2
2024-05-08 00:00:00,61717.8,,62895.6,61773.6,61152.0
2024-05-07 00:00:00,62945.3,,63239.5,62950.0,62166.2
2024-05-06 00:00:00,63238.4,,63875.3,63955.5,62918.3
2024-05-05 00:00:00,63816.5,,63238.0,64459.5,63722.0
2024-05-04 00:00:00,63203.2,,62710.5,64143.8,62923.9
2024-05-03 00:00:00,62703.2,,59727.3,63515.4,62599.1
2024-05-02 00:00:00,57921.5,,57131.4,58560.2,56989.8
2024-05-01 00:00:00,57526.5,,60241.3,58560.2,56989.8
2024-04-30 00:00:00,60222.8,,63646.4,60827.5,59590.2
2024-04-29 00:00:00,63650.4,,62249.1,64700.2,63142.8
2024-04-28 00:00:00,62655.0,,64016.8,63331.8,62469.7
2024-04-27 00:00:00,64057.3,,63081.4,64346.1,63457.9
2024-04-26 00:00:00,63127.6,,64370.4,63916.7,62507.7
2024-04-25 00:00:00,64366.3,,64281.0,64635.0,63927.7
2024-04-24 00:00:00,64341.2,,66597.6,64728.3,63901.7
2024-04-23 00:00:00,66615.3,,66450.0,66882.6,66396.6
2024-04-22 00:00:00,66515.8,,65711.6,67180.0,66499.9
2024-04-21 00:00:00,66003.1,,65190.7,66018.1,64527.5
2024-04-20 00:00:00,64674.8,,64377.0,65375.6,63131.7
2024-04-19 00:00:00,63899.8,,61787.5,64139.3,63131.7
2024-04-18 00:00:00,61830.2,,61657.0,63480.5,59693.3
2024-04-17 00:00:00,61995.9,,63844.6,62171.5,60970.8
2024-04-16 00:00:00,63778.5,,63401.8,64289.5,63608.5
2024-04-15 00:00:00,62919.1,,65158.6,63890.0,62802.5
2024-04-14 00:00:00,65253.9,,63085.6,65875.2,64983.4
2024-04-13 00:00:00,63152.3,,66528.9,64307.9,62174.7
2024-04-12 00:00:00,66980.3,,70985.0,67133.0,65784.7
2024-04-11 00:00:00,70856.7,,70851.6,70972.9,70005.4
2024-04-10 00:00:00,69202.6,,69231.1,69574.9,67570.0
2024-04-09 00:00:00,68721.1,,71723.5,71737.2,68615.0
2024-04-08 00:00:00,71262.2,,69451.6,71737.2,70902.3
2024-04-07 00:00:00,69393.0,,69419.5,69788.6,69110.5
2024-04-06 00:00:00,69409.1,,67797.7,69739.7,68849.4
2024-04-05 00:00:00,67740.6,,67872.1,68053.3,67467.2
2024-04-04 00:00:00,67649.3,,65749.0,68692.2,67472.8
2024-04-03 00:00:00,65674.0,,66227.2,66349.0,65541.0
2024-04-02 00:00:00,66135.4,,66712.8,66135.4,64559.0
2024-04-01 00:00:00,69828.9,,71332.0,71329.3,68175.9
2024-03-31 00:00:00,70615.8,,69918.6,71329.3,70543.6
2024-03-30 00:00:00,69926.6,,69781.0,70143.2,69576.6
2024-03-29 00:00:00,69820.0,,70446.8,70158.9,69736.1
2024-03-28 00:00:00,70447.1,,69302.4,70907.0,70315.6
2024-03-27 00:00:00,69240.4,,70382.1,69913.7,68956.9
2024-03-26 00:00:00,70443.3,,70438.6,70714.1,69839.3
2024-03-25 00:00:00,70508.4,,67322.5,70603.1,69754.8
2024-03-24 00:00:00,66979.5,,63980.1,67288.3,66395.0
2024-03-23 00:00:00,64118.4,,63570.4,64684.0,63938.1
2024-03-22 00:00:00,63389.0,,65968.6,64324.3,63074.9
2024-03-21 00:00:00,65947.2,,66746.4,66133.9,65151.8
2024-03-20 00:00:00,66467.4,,61826.5,68161.7,66463.6
2024-03-19 00:00:00,62394.0,,65860.5,63397.2,61859.5
2024-03-15 00:00:00,68361.4,,73589.3,72398.1,67105.8
2024-03-14 00:00:00,68937.1,,73257.1,72398.1,67110.1
2024-03-13 00:00:00,73237.7,,72034.3,73285.3,72530.5
2024-03-12 00:00:00,72074.4,,71606.2,72193.5,71338.4
2024-03-11 00:00:00,71670.1,,68600.2,72467.1,71519.9
2024-03-10 00:00:00,68506.2,,69169.7,68966.1,67452.8
2024-03-09 00:00:00,69484.5,,68298.6,69676.4,68250.3
2024-03-08 00:00:00,68289.5,,67152.1,68343.7,67923.9
2024-03-07 00:00:00,67072.9,,65862.1,67270.9,66787.8
2023-08-10 00:00:00,29476.1,,29610.8,29489.8,29443.4
2023-08-09 00:00:00,29579.8,,29713.4,29653.6,29562.4
2023-08-08 00:00:00,29706.4,,29189.1,29882.0,29666.0
2023-08-07 00:00:00,29199.3,,29154.2,29253.3,29137.7
2023-08-06 00:00:00,29152.3,,29058.7,29215.2,29011.8
2023-08-05 00:00:00,29056.4,,29082.7,29074.8,29032.3
2023-08-04 00:00:00,29085.5,,29155.9,29139.3,29061.5
2023-08-03 00:00:00,29142.2,,29174.8,29241.8,29109.1
2023-08-02 00:00:00,29155.2,,29627.2,29266.1,29127.1
2023-08-01 00:00:00,29671.7,,28835.3,30025.9,29660.5
2023-07-31 00:00:00,28847.9,,29418.7,29343.1,28834.5
2023-07-30 00:00:00,29437.3,,29316.3,29502.3,29264.9
2023-07-29 00:00:00,29382.4,,29258.9,29400.1,29299.0
2023-07-28 00:00:00,29371.9,,29252.4,29394.2,29299.0
2023-07-27 00:00:00,29215.2,,29405.9,29294.4,29188.6
2023-07-26 00:00:00,29436.8,,29243.8,29450.3,29307.9
2023-07-25 00:00:00,29250.5,,29107.9,29394.4,29109.7
2023-07-24 00:00:00,29116.7,,29717.3,29184.1,29058.7
2023-07-23 00:00:00,29699.0,,29847.4,30098.2,29678.2
2023-07-22 00:00:00,29854.3,,29908.6,29893.7,29735.7
2023-07-21 00:00:00,29926.0,,29898.5,29986.8,29901.6
2023-07-20 00:00:00,29910.6,,29950.0,29945.5,29741.7
2023-07-19 00:00:00,29943.2,,30059.5,30044.8,29895.8
2023-07-18 00:00:00,30070.6,,30077.7,30077.8,29842.3
2023-07-17 00:00:00,30087.2,,30314.2,30242.4,30084.6
2023-07-16 00:00:00,30306.6,,30192.0,30335.9,30197.2
2023-07-15 00:00:00,30225.8,,30297.1,30333.9,30075.4
2023-07-14 00:00:00,30323.5,,31462.5,30395.4,30246.9
2023-07-13 00:00:00,31425.4,,30298.2,31602.6,31343.2
2023-07-12 00:00:00,30285.9,,30591.4,30434.4,30279.7
2023-07-11 00:00:00,30595.4,,30482.5,30654.3,30500.2
2023-07-10 00:00:00,30466.5,,30158.0,30598.5,30367.8
2023-07-09 00:00:00,30179.2,,30289.6,30242.4,29969.1
2023-07-08 00:00:00,30312.4,,30277.1,30404.7,30252.1
2023-07-07 00:00:00,30281.0,,30138.6,30379.9,30262.4
2023-07-06 00:00:00,30114.0,,30499.9,30161.0,29757.4
2023-07-05 00:00:00,30502.8,,30834.0,30559.0,30353.6
2023-07-04 00:00:00,30849.8,,31262.2,30861.7,30756.3
2023-07-03 00:00:00,31241.8,,30756.8,31326.5,31101.8
2023-07-02 00:00:00,30779.8,,30544.1,30790.4,30594.4
2023-07-01 00:00:00,30505.0,,30424.4,30650.1,30481.5
2023-06-30 00:00:00,30393.8,,30664.0,30530.6,30377.6
2023-06-29 00:00:00,30722.2,,30175.2,30858.1,30354.6
2023-06-28 00:00:00,30151.9,,30453.5,30243.8,30051.3
2023-06-27 00:00:00,30460.8,,30371.6,30703.4,30362.5
2023-06-26 00:00:00,30370.1,,30299.5,30485.7,30231.3
2023-06-25 00:00:00,30285.5,,30752.1,30543.1,30012.8
2023-06-24 00:00:00,30768.0,,30749.2,30768.0,30474.1
2023-06-23 00:00:00,30742.5,,30010.7,30793.8,30434.3
2023-06-22 00:00:00,30013.6,,30296.3,30046.6,29822.6
2023-06-21 00:00:00,30299.3,,28710.4,30497.8,29899.0
2023-06-20 00:00:00,28724.6,,26893.1,28985.5,28270.5
2023-06-19 00:00:00,26915.9,,26391.3,27152.7,26798.7
2023-06-18 00:00:00,26411.3,,26546.1,26465.9,26295.1
2023-06-17 00:00:00,26539.8,,26258.4,26543.0,26410.5
2023-06-16 00:00:00,26262.8,,25559.3,26362.7,26183.5
2023-06-15 00:00:00,25564.2,,25061.9,25591.9,25451.4
2023-06-14 00:00:00,25083.1,,25987.0,25205.7,25040.9
2023-06-13 00:00:00,25982.2,,26058.4,26051.2,25914.1
2023-06-12 00:00:00,26083.8,,25795.0,26138.6,25824.0
2023-06-11 00:00:00,25796.6,,25730.4,26006.0,25635.0
2023-06-10 00:00:00,25742.6,,26329.8,25862.3,25728.2
2023-06-09 00:00:00,26336.1,,26490.7,26525.1,26298.9
2023-06-08 00:00:00,26495.3,,26341.5,26592.0,26326.7
2023-06-07 00:00:00,26298.4,,26909.2,26470.6,26231.3
2023-06-06 00:00:00,26892.5,,25733.0,27342.0,26730.6
2023-06-05 00:00:00,25729.8,,26845.4,25791.0,25611.1
2023-06-04 00:00:00,26859.9,,27062.3,27125.5,26817.4
2023-06-03 00:00:00,27062.6,,27146.2,27096.7,26956.1
2023-06-02 00:00:00,27141.6,,27007.5,27246.0,27114.0
2023-06-01 00:00:00,26943.2,,26781.7,26980.0,26541.3
2023-05-31 00:00:00,26777.9,,27658.3,27340.9,26662.3
2023-05-30 00:00:00,27689.8,,27835.5,27825.0,27606.6
2023-05-29 00:00:00,27830.7,,27972.8,27925.7,27605.5
2023-05-28 00:00:00,28060.6,,27188.4,28431.2,28057.8
2023-05-27 00:00:00,27161.9,,26754.6,27172.4,26788.5
2023-05-26 00:00:00,26765.4,,26436.6,26775.2,26639.0
2023-05-25 00:00:00,26438.0,,26186.9,26534.7,26384.4
2023-05-24 00:00:00,26192.6,,26785.5,26381.8,25892.5
2023-05-23 00:00:00,26759.1,,27371.1,27220.7,26686.4
2023-05-22 00:00:00,27381.4,,26645.8,27414.3,26804.1
2023-05-21 00:00:00,26650.7,,27178.1,26780.7,26546.1
2023-05-20 00:00:00,27193.0,,26867.7,27257.1,27066.5
2023-05-19 00:00:00,26867.4,,26802.9,26899.3,26831.3
2023-05-18 00:00:00,26839.2,,27352.9,26914.8,26751.2
2023-05-17 00:00:00,27358.6,,27073.2,27467.0,27296.5
2023-05-16 00:00:00,27102.3,,27083.0,27215.1,26984.1
2023-05-15 00:00:00,27115.5,,27168.1,27295.3,26881.9
2023-05-14 00:00:00,27232.4,,26868.0,27284.3,26752.1
2023-05-13 00:00:00,26845.8,,26783.5,26850.6,26609.9
2023-05-12 00:00:00,26823.7,,26636.6,26974.0,26695.6
2023-05-11 00:00:00,26615.0,,27445.0,27044.0,26559.2
2023-05-10 00:00:00,27451.8,,27691.0,27607.4,27402.7
2023-05-09 00:00:00,27692.2,,27639.5,27808.4,27627.2
2023-05-08 00:00:00,27592.7,,28203.9,27745.6,27552.9
2023-05-07 00:00:00,28184.0,,28806.3,28627.8,28056.2
2023-05-06 00:00:00,28811.3,,29357.3,29122.0,28754.8
2023-05-05 00:00:00,29357.6,,29197.3,29816.4,29353.1
2023-05-04 00:00:00,29179.9,,29100.2,29490.5,28825.3
2023-05-03 00:00:00,29027.6,,28525.8,29187.0,28956.0
2023-05-02 00:00:00,28536.4,,28040.2,28682.7,28370.3
2023-05-01 00:00:00,28020.7,,28563.2,28142.7,27928.2
2023-04-30 00:00:00,28560.9,,29179.8,29329.6,28432.6
2023-04-29 00:00:00,29193.7,,29367.6,29235.1,29095.0
2023-04-28 00:00:00,29367.8,,29420.1,29400.8,29217.4
2023-04-27 00:00:00,29405.0,,28875.0,29587.1,29334.2
2023-04-26 00:00:00,29030.0,,28311.6,29414.0,28392.4
2023-04-25 00:00:00,28336.5,,27390.1,28460.3,28258.5
2023-04-24 00:00:00,27344.5,,27734.5,27576.2,27332.7
2023-04-23 00:00:00,27746.2,,27601.1,27978.8,27434.0
2023-04-22 00:00:00,27556.2,,27234.7,27815.0,27492.1
2023-04-21 00:00:00,27334.0,,28245.8,27336.9,27165.7
2023-04-20 00:00:00,28304.8,,28848.1,28353.4,28109.2
2023-04-19 00:00:00,28846.4,,30212.8,28992.9,28606.0
2023-04-18 00:00:00,30207.2,,29450.7,30408.4,30153.3
2023-04-17 00:00:00,29477.7,,29984.1,29490.0,29149.2
2023-04-16 00:00:00,29983.4,,30254.2,30312.2,29786.1
2023-04-15 00:00:00,30260.9,,30379.1,30322.9,30134.6
2023-04-14 00:00:00,30390.0,,30695.1,30586.5,30302.3
2023-04-13 00:00:00,30706.5,,30079.6,30836.8,30327.6
2023-04-12 00:00:00,30068.5,,29931.1,30153.7,29864.5
2023-04-11 00:00:00,29921.3,,30112.9,30327.6,29851.1
2023-04-10 00:00:00,30081.8,,28280.7,30375.1,29597.8
2023-04-09 00:00:00,28285.6,,28034.8,28422.1,28264.7
2023-04-08 00:00:00,28044.8,,28027.6,28086.2,27932.6
2023-04-07 00:00:00,28013.4,,28042.7,28048.9,27863.8
2023-04-06 00:00:00,28044.7,,28136.1,28102.5,27936.5
2023-04-05 00:00:00,28074.0,,28547.3,28173.5,27903.0
2023-04-04 00:00:00,28525.8,,27860.6,28744.4,28100.8
2023-04-03 00:00:00,27878.4,,27756.5,27945.8,27668.9
2023-04-02 00:00:00,27762.7,,28476.1,28194.7,27608.9
2023-04-01 00:00:00,28466.3,,28473.7,28795.1,28285.6
2023-03-31 00:00:00,28562.0,,28172.9,28795.1,28415.7
2023-03-30 00:00:00,28169.1,,28477.0,28353.3,27927.5
2023-03-29 00:00:00,28541.6,,27369.0,29160.4,28181.2
2023-03-28 00:00:00,27351.2,,26975.0,27456.7,27249.8
2023-03-27 00:00:00,26976.7,,27900.5,27170.1,26847.8
2023-03-26 00:00:00,27914.5,,27529.7,28023.3,27795.3
2023-03-25 00:00:00,27515.1,,27612.8,27638.0,27429.1
2023-03-24 00:00:00,27575.0,,28195.1,27665.1,27432.2
2023-03-23 00:00:00,28229.5,,27343.1,28374.5,28152.6
2023-03-22 00:00:00,27367.1,,28167.3,27431.5,27144.6
2023-03-21 00:00:00,28174.3,,27788.0,28246.4,27960.7
2023-03-20 00:00:00,27762.7,,27269.6,27930.6,27679.9
2023-03-19 00:00:00,27191.3,,27110.0,28050.6,27170.5
2023-03-18 00:00:00,27172.8,,27297.0,27185.8,26914.0
2023-03-17 00:00:00,27332.1,,25602.5,27659.1,27132.6
2023-03-16 00:00:00,25681.5,,24370.8,25884.1,24900.1
2023-03-15 00:00:00,24249.0,,24838.3,24432.0,24147.9
2023-03-14 00:00:00,24727.5,,24281.1,25040.3,24331.5
2023-03-13 00:00:00,24361.2,,22193.1,24453.5,23994.6
2023-03-12 00:00:00,22234.7,,20384.0,22542.5,21904.3
2023-03-11 00:00:00,20391.8,,20347.7,20507.2,20325.3
2023-03-10 00:00:00,20345.9,,19879.5,20669.5,20142.8
2023-03-09 00:00:00,19904.6,,21738.1,20362.0,19813.7
2023-03-08 00:00:00,21737.3,,22144.6,21802.3,21682.8
2023-03-07 00:00:00,22128.8,,22478.0,22274.3,22092.8
2023-03-06 00:00:00,22464.8,,22343.3,22535.1,22384.0
2023-03-05 00:00:00,22344.1,,22449.4,22494.8,22320.2
2023-03-04 00:00:00,22439.3,,22340.6,22636.7,22213.5
2023-03-03 00:00:00,22328.5,,22378.5,22390.3,22326.3
2023-03-02 00:00:00,22352.6,,23538.6,23473.4,22051.9
2023-03-01 00:00:00,23515.4,,23797.2,23780.5,23435.5
2023-02-28 00:00:00,23801.1,,23414.8,23801.1,23025.3
2023-02-27 00:00:00,23408.4,,23491.5,23543.6,23360.2
2023-02-26 00:00:00,23474.6,,23187.7,23634.3,23440.9
2023-02-25 00:00:00,23172.0,,23124.5,23249.6,23066.0
2023-02-24 00:00:00,23107.5,,23948.2,23215.3,23051.0
2023-02-23 00:00:00,23980.0,,24518.1,24123.4,23893.8
2023-02-22 00:00:00,24455.8,,24153.4,24590.4,24127.6
2023-02-21 00:00:00,24137.2,,24902.1,24474.3,23894.7
2023-02-20 00:00:00,24877.8,,24478.3,25081.2,24785.1
2023-02-19 00:00:00,24461.5,,24714.4,24534.8,23868.6
2023-02-18 00:00:00,24690.9,,24628.5,24765.3,24623.6
2023-02-17 00:00:00,24635.8,,23806.8,24772.4,24531.4
2023-02-16 00:00:00,23765.6,,24643.9,23883.3,23373.0
2023-02-15 00:00:00,22112.0,,21696.7,22198.5,22050.8
2023-02-14 00:00:00,22111.1,,21706.7,22198.5,22050.8
2023-02-13 00:00:00,21716.0,,21834.9,21808.1,21681.3
2023-02-12 00:00:00,21831.9,,21781.3,21856.7,21656.9
2023-02-11 00:00:00,21767.7,,21688.0,21879.4,21764.5
2023-02-10 00:00:00,21682.7,,21795.5,21714.6,21605.3
2023-02-09 00:00:00,21801.7,,22566.2,21933.6,21722.6
2023-02-08 00:00:00,22574.3,,23248.5,23003.6,22425.6
2023-02-07 00:00:00,23246.1,,22881.9,23425.1,23233.0
2023-02-06 00:00:00,22872.6,,22872.7,22922.0,22748.2
2023-02-05 00:00:00,23385.6,,23343.1,23423.4,23253.9
2023-02-04 00:00:00,23360.1,,23337.1,23370.0,23253.9
2023-02-03 00:00:00,23334.3,,23513.8,23461.2,23317.5
2023-02-02 00:00:00,23525.8,,23881.7,23581.9,23418.0
2023-02-01 00:00:00,23905.7,,23136.1,24207.2,23694.4
2023-01-31 00:00:00,23128.5,,22859.2,23171.7,23031.9
2023-01-30 00:00:00,22842.7,,23715.6,22900.6,22724.9
2023-01-29 00:00:00,23338.2,,22977.3,23533.5,22973.3
2023-01-28 00:00:00,23127.8,,23093.1,23456.4,22973.3
2023-01-27 00:00:00,23096.9,,22774.4,23182.3,23048.0
2023-01-26 00:00:00,22819.3,,23124.4,23072.1,22602.9
2023-01-25 00:00:00,23174.5,,22646.9,23259.5,23055.2
2023-01-24 00:00:00,22652.7,,23073.6,22714.2,22366.3
2023-01-23 00:00:00,23087.1,,22669.9,23139.2,22878.9
2023-01-22 00:00:00,22744.0,,22756.9,22802.0,22663.8
2023-01-21 00:00:00,22840.4,,22596.9,22959.7,22634.3
2023-01-20 00:00:00,22614.6,,20992.6,22724.8,22461.1
2023-01-19 00:00:00,21053.0,,20809.3,21181.0,21018.6
2023-01-18 00:00:00,20813.9,,21273.2,20858.0,20669.7
2023-01-17 00:00:00,21286.3,,21157.2,21371.2,21136.4
2023-01-16 00:00:00,21157.3,,21151.8,21289.6,20926.2
2023-01-15 00:00:00,21147.6,,20698.8,21414.7,20802.1
2023-01-14 00:00:00,20686.5,,20894.0,20996.0,20590.4
2023-01-13 00:00:00,20913.7,,18833.1,21185.6,19898.6
2023-01-12 00:00:00,18853.9,,18217.3,18882.8,18723.8
2023-01-11 00:00:00,18220.2,,17414.0,18298.8,17915.5
2023-01-10 00:00:00,17410.7,,17218.0,17499.1,17371.1
2023-01-09 00:00:00,17216.1,,17226.3,17232.6,17151.7
2023-01-08 00:00:00,17234.3,,16935.2,17244.2,17107.1
2023-01-07 00:00:00,16936.1,,16937.9,16953.7,16913.8
2023-01-06 00:00:00,16942.6,,16822.1,16979.6,16932.3
2023-01-05 00:00:00,16818.3,,16837.1,16871.2,16804.9
2023-01-04 00:00:00,16836.8,,16861.3,16875.1,16813.6
2023-01-03 00:00:00,16875.0,,16684.9,16890.9,16656.5
2023-01-02 00:00:00,16685.2,,16634.2,16704.7,16652.1
2023-01-01 00:00:00,16638.3,,16517.6,16699.7,16551.0
2022-12-31 00:00:00,16520.3,,16550.1,16557.2,16510.8
2022-12-30 00:00:00,16544.8,,16611.4,16613.6,16543.1
2022-12-29 00:00:00,16607.5,,16568.5,16644.4,16585.0
2022-12-28 00:00:00,16571.1,,16661.1,16584.8,16496.6
2022-12-27 00:00:00,16661.8,,16891.7,16737.1,16585.7
2022-12-26 00:00:00,16884.8,,16877.2,16964.0,16844.9
2022-12-25 00:00:00,16876.3,,16826.1,16914.2,16822.0
2022-12-24 00:00:00,16819.6,,16828.6,16850.8,16816.2
2022-12-23 00:00:00,16830.6,,16839.0,16845.8,16777.8
2022-12-22 00:00:00,16830.0,,16836.4,16889.0,16774.1
2022-12-21 00:00:00,16849.6,,16794.4,16858.3,16811.2
2022-12-20 00:00:00,16810.9,,16804.0,16919.4,16798.1
2022-12-19 00:00:00,16790.3,,16711.7,16849.4,16400.7
2022-12-18 00:00:00,16728.7,,16763.0,16809.5,16642.0
2022-12-17 00:00:00,16764.3,,16706.3,16797.3,16709.1
2022-12-16 00:00:00,16715.5,,17425.8,16723.2,16587.0
2022-12-15 00:00:00,17403.0,,17726.9,17427.3,17351.8
2022-12-14 00:00:00,17693.6,,17783.1,17846.1,17600.0
2022-12-13 00:00:00,17762.1,,17151.3,17834.3,17753.2
2022-12-12 00:00:00,17163.6,,16917.9,17234.4,17123.4
2022-12-11 00:00:00,16927.6,,17153.9,17093.2,16878.5
2022-12-10 00:00:00,17170.7,,17154.0,17174.4,17123.3
2022-12-09 00:00:00,17156.1,,17201.5,17164.2,17121.3
2022-12-08 00:00:00,17193.2,,16823.7,17288.6,17192.9
2022-12-07 00:00:00,16823.0,,17040.1,16881.5,16789.0
2022-12-06 00:00:00,17020.4,,16999.6,17126.7,17015.1
2022-12-05 00:00:00,17010.7,,17374.9,17097.4,16966.3
2022-12-04 00:00:00,17255.0,,17005.6,17306.3,17080.9
2022-12-03 00:00:00,17014.0,,16934.5,17132.6,17010.8
2022-12-02 00:00:00,17013.2,,16901.4,17132.6,17012.9
2022-12-01 00:00:00,16923.6,,17147.5,17039.7,16867.6
2022-11-30 00:00:00,17140.9,,16865.4,17222.6,17099.8
2022-11-29 00:00:00,16847.0,,16283.4,17061.1,16433.2
2022-11-28 00:00:00,16462.9,,16208.1,16471.2,16100.1
2022-11-27 00:00:00,16194.2,,16526.7,16481.4,16060.8
2022-11-26 00:00:00,16556.4,,16628.4,16595.4,16450.1
2022-11-25 00:00:00,16627.1,,16385.8,16686.3,16511.2
2022-11-24 00:00:00,16399.2,,16697.2,16611.8,16399.2
2022-11-23 00:00:00,16695.9,,16501.4,16785.6,16539.9
2022-11-22 00:00:00,16508.8,,15817.8,16576.3,16162.3
2022-11-21 00:00:00,15836.8,,16147.7,15937.1,15751.7
2022-11-20 00:00:00,16711.8,,16638.3,16749.3,16670.4
2022-11-18 00:00:00,16633.8,,16691.2,16846.3,16553.0
2022-11-17 00:00:00,16691.2,,16549.5,16739.7,16425.8
2022-11-16 00:00:00,16533.1,,16882.7,16993.4,16408.2
2022-11-15 00:00:00,16916.5,,16768.5,16993.4,16775.2
2022-11-14 00:00:00,16767.9,,15989.4,16880.2,16543.9
2022-11-13 00:00:00,15943.1,,16860.1,16394.7,15898.6
2022-11-12 00:00:00,16881.3,,16756.0,16946.5,16779.3
2022-11-11 00:00:00,16789.3,,17070.6,17100.8,16779.4
2022-11-10 00:00:00,17046.5,,16492.6,17679.4,16897.9
2022-11-09 00:00:00,16396.8,,18244.6,16523.8,15799.3
2022-11-08 00:00:00,18234.1,,19667.3,18583.8,18007.4
2022-11-07 00:00:00,19676.9,,20889.6,20667.5,19576.0
2022-11-06 00:00:00,20887.0,,21229.2,21055.4,20827.7
2022-11-05 00:00:00,21242.5,,21445.3,21360.4,21206.8
2022-11-04 00:00:00,21404.1,,20325.8,21464.7,21084.1
2022-11-03 00:00:00,20319.9,,20307.3,20324.3,20184.6
2022-11-02 00:00:00,20310.6,,20520.6,20337.1,20123.5
2022-11-01 00:00:00,20535.6,,20490.2,20548.5,20416.4
2022-10-31 00:00:00,20487.0,,20519.1,20581.7,20450.3
2022-10-30 00:00:00,20515.2,,20772.9,20670.0,20438.4
2022-10-29 00:00:00,20777.0,,20755.3,20836.9,20706.3
2022-10-28 00:00:00,20749.1,,20295.0,20802.4,20561.9
2022-10-27 00:00:00,20259.2,,20745.4,20326.8,20201.6
2022-10-26 00:00:00,20742.9,,20252.9,20836.0,20646.2
2022-10-25 00:00:00,20269.4,,19341.4,20299.1,20062.9
2022-10-24 00:00:00,19343.9,,19391.2,19359.3,19251.0
2022-10-23 00:00:00,19393.0,,19198.6,19588.6,19350.1
2022-10-22 00:00:00,19198.0,,19155.3,19218.6,19168.6
2022-10-21 00:00:00,19135.2,,19049.9,19178.7,19116.1
2022-10-20 00:00:00,19054.3,,19052.1,19122.9,19003.9
2022-10-19 00:00:00,19039.8,,19291.5,19163.0,18935.6
2022-10-18 00:00:00,19291.4,,19491.7,19692.9,19102.8
2022-10-17 00:00:00,19555.5,,19204.7,19617.2,19487.5
2022-10-16 00:00:00,19197.8,,19110.6,19307.2,19164.7
2022-10-15 00:00:00,19123.9,,19194.3,19162.6,19066.0
2022-10-14 00:00:00,19209.2,,19815.7,19218.7,19138.3
2022-10-13 00:00:00,19825.5,,19087.6,19933.9,19342.4
2022-10-12 00:00:00,19099.7,,19048.9,19168.4,19039.9
2022-10-11 00:00:00,19052.6,,19044.3,19127.3,19031.3
2022-10-10 00:00:00,19049.5,,19451.1,19134.6,18962.7
2022-10-09 00:00:00,19448.4,,19373.4,19520.7,19408.9
2022-10-08 00:00:00,19344.1,,19507.2,19450.0,19334.3
2022-10-07 00:00:00,19539.7,,19981.9,19612.2,19516.8
2022-10-06 00:00:00,19998.9,,20361.4,20051.4,19947.8
2022-10-05 00:00:00,20331.7,,20188.3,20436.7,20145.4
2022-10-04 00:00:00,20199.9,,19598.4,20353.8,20163.4
2022-10-03 00:00:00,19581.2,,19163.9,19709.8,19506.4
2022-10-02 00:00:00,19179.2,,19310.5,19251.0,19001.3
2022-10-01 00:00:00,19309.4,,19414.5,19342.5,19250.1
2022-09-30 00:00:00,19402.5,,19397.2,19480.3,19362.2
2022-09-29 00:00:00,19343.9,,19504.2,19688.5,19325.0
2022-09-28 00:00:00,19528.7,,18742.2,19587.8,19316.0
2022-09-27 00:00:00,18692.0,,20103.3,19232.3,18505.3
2022-09-26 00:00:00,20119.9,,18875.4,20287.3,19194.5
2022-09-25 00:00:00,18866.5,,19053.1,18943.1,18735.0
2022-09-24 00:00:00,19042.9,,19122.8,19051.2,18914.3
2022-09-23 00:00:00,19098.5,,19384.8,19310.6,19048.2
2022-09-22 00:00:00,19408.3,,18686.6,19463.5,19236.3
2022-09-21 00:00:00,18703.8,,19023.7,18772.4,18371.0
2022-09-20 00:00:00,19013.7,,19364.8,19052.0,18843.9
2022-09-19 00:00:00,19356.8,,18772.6,19626.3,19183.9
2022-09-18 00:00:00,18806.8,,19995.0,19508.5,18712.8
2022-09-17 00:00:00,19956.2,,19879.5,20113.7,19956.0
2022-09-16 00:00:00,19893.1,,19745.0,20055.8,19774.2
2022-09-15 00:00:00,19737.5,,20029.4,19799.3,19602.3
2022-09-14 00:00:00,20025.5,,20320.0,20265.5,19942.8
2022-09-13 00:00:00,20351.8,,22231.6,20503.7,20069.0
2022-09-12 00:00:00,22218.7,,21654.0,22431.3,22072.6
2022-09-11 00:00:00,21612.1,,21545.9,22296.4,21581.6
2022-09-10 00:00:00,21518.5,,21311.9,21679.6,21472.3
2022-09-09 00:00:00,21317.8,,19925.2,21380.7,21170.4
2022-09-08 00:00:00,19838.5,,19218.9,19851.9,19294.1
2022-09-07 00:00:00,19228.4,,18739.4,19376.6,19169.6
2022-09-06 00:00:00,18722.1,,19781.8,18866.7,18548.4
2022-09-05 00:00:00,19761.9,,19882.5,20169.3,19687.4
2022-09-04 00:00:00,19896.2,,19773.4,20042.9,19818.6
2022-09-03 00:00:00,19761.7,,19897.1,19855.4,19756.7
2022-09-02 00:00:00,19902.8,,20166.2,20043.8,19875.9
2022-09-01 00:00:00,20183.9,,20015.8,20232.5,19960.6
2022-08-31 00:00:00,20007.8,,20408.0,20202.7,19931.0
2022-08-30 00:00:00,20389.3,,20267.9,20435.5,19793.4
2022-08-29 00:00:00,20257.7,,19858.0,20295.6,20120.9
2022-08-28 00:00:00,19844.7,,19996.6,19931.4,19551.2
2022-08-27 00:00:00,19999.1,,20206.8,20134.1,19927.8
2022-08-26 00:00:00,20238.9,,21554.4,20343.6,20144.7
2022-08-25 00:00:00,21521.6,,21328.8,21632.5,21324.7
2022-08-24 00:00:00,21468.2,,21259.4,21632.5,21324.7
2022-08-23 00:00:00,21239.8,,21229.7,21551.1,21171.1
2022-08-22 00:00:00,21285.7,,21419.0,21458.2,21271.2
2022-08-21 00:00:00,21380.6,,21250.8,21489.9,21077.4
2022-08-20 00:00:00,21186.6,,21146.8,21322.4,21126.1
2022-08-19 00:00:00,21135.4,,22814.0,21170.7,20813.5
2022-08-18 00:00:00,22783.2,,23457.8,23202.3,22718.2
2022-08-17 00:00:00,23447.6,,23988.2,23512.3,23297.7
2022-08-16 00:00:00,24018.2,,24045.7,24077.0,23834.6
2022-08-15 00:00:00,24101.5,,24920.6,24240.8,23858.9
2022-08-14 00:00:00,24832.1,,24602.8,25205.7,24193.8
2022-08-13 00:00:00,24589.3,,24666.5,24623.4,24352.9
2022-08-12 00:00:00,24744.9,,24008.3,24787.5,24337.5
2022-08-11 00:00:00,23997.1,,24268.1,24090.0,23765.2
2022-08-10 00:00:00,24353.8,,22913.8,24481.3,23923.3
2022-08-09 00:00:00,22876.6,,23833.5,23150.5,22714.7
2022-08-08 00:00:00,23813.3,,23305.4,23866.2,23636.4
2022-08-07 00:00:00,23307.0,,22990.5,23339.8,23160.6
2022-08-06 00:00:00,22999.6,,23266.8,23048.0,22852.3
2022-08-05 00:00:00,23202.8,,23050.6,23344.4,23167.0
2022-08-04 00:00:00,23158.2,,23073.1,23188.4,22593.5
2022-08-03 00:00:00,23069.8,,22842.6,23214.5,22794.4
2022-08-02 00:00:00,22852.4,,22853.6,23060.0,22698.6
2022-08-01 00:00:00,22876.7,,23375.4,23412.7,22790.9
2022-07-31 00:00:00,23361.0,,23741.9,23459.1,23265.9
2022-07-30 00:00:00,23706.7,,23801.6,23864.6,23548.9
2022-07-29 00:00:00,23813.7,,23918.9,23956.5,23698.0
2022-07-28 00:00:00,23924.0,,23120.7,23938.7,23711.8
2022-07-27 00:00:00,23139.2,,21074.1,23418.2,22714.1
2022-07-26 00:00:00,21068.7,,21144.8,21279.8,21047.5
2022-07-25 00:00:00,21143.6,,21863.6,21322.3,20916.6
2022-07-24 00:00:00,21802.8,,22332.0,22653.3,21802.7
2022-07-23 00:00:00,22333.2,,22838.2,22664.6,22311.0
2022-07-22 00:00:00,22883.4,,22912.3,22896.0,22591.3
2022-07-21 00:00:00,22910.9,,22774.2,23344.4,22873.6
2022-07-20 00:00:00,22841.5,,23434.3,23403.8,22680.9
2022-07-19 00:00:00,23430.7,,21891.7,23502.0,22965.9
2022-07-18 00:00:00,21835.6,,21296.7,22910.2,21835.6
2022-07-17 00:00:00,21265.2,,21324.6,21360.8,20770.6
2022-07-16 00:00:00,21344.5,,20744.5,21445.1,21091.8
2022-07-15 00:00:00,20757.6,,20614.0,20857.4,20617.4
2022-07-14 00:00:00,20547.4,,20224.6,20811.3,20393.4
2022-07-13 00:00:00,20221.4,,19468.9,20405.5,20187.9
2022-07-12 00:00:00,19475.1,,19941.1,19544.6,19267.3
2022-07-11 00:00:00,19924.2,,20547.9,19993.7,19794.8
2022-07-10 00:00:00,20615.7,,21297.3,20855.0,20467.6
2022-07-09 00:00:00,21298.5,,21608.9,21599.2,21190.7
2022-07-08 00:00:00,21603.8,,22121.5,21681.3,21440.2
2022-07-07 00:00:00,22102.0,,20473.8,22482.1,21580.9
2022-07-06 00:00:00,20460.6,,19942.0,20584.2,20390.7
2022-07-05 00:00:00,19948.0,,20301.9,20360.7,19785.3
2022-07-03 00:00:00,19078.0,,19235.2,19342.5,18794.4
2022-07-02 00:00:00,19273.8,,19119.1,19297.3,19172.6
2022-07-01 00:00:00,19103.7,,19733.7,19369.2,19067.7
2022-06-30 00:00:00,19854.4,,20072.4,20785.6,19668.6
2022-06-29 00:00:00,20064.8,,20291.0,20155.1,19955.1
2022-06-28 00:00:00,20240.5,,20731.9,20384.2,20180.5
2022-06-27 00:00:00,20718.4,,21173.9,20862.8,20538.0
2022-06-26 00:00:00,21132.9,,21425.2,21178.6,20937.3
2022-06-25 00:00:00,21419.2,,21296.1,21531.1,21293.8
2022-06-24 00:00:00,21320.3,,21068.9,21373.2,21132.7
2022-06-23 00:00:00,21069.2,,20210.3,21316.0,20982.2
2022-06-22 00:00:00,20259.8,,20312.8,20578.7,19907.5
2022-06-21 00:00:00,20277.3,,20611.9,20720.2,20276.2
2022-06-20 00:00:00,20637.4,,19990.2,20764.8,20371.7
2022-06-19 00:00:00,20078.6,,18276.9,20607.1,19658.8
2022-06-18 00:00:00,18462.4,,20429.8,19169.5,18230.1
2022-06-17 00:00:00,20420.4,,20375.0,20744.7,20311.0
2022-06-16 00:00:00,20395.9,,22205.1,21017.6,20244.1
2022-06-15 00:00:00,22213.0,,21448.0,22942.1,22187.8
2022-06-14 00:00:00,21648.5,,22099.2,22254.6,21545.8
2022-06-13 00:00:00,22022.8,,25533.1,22771.4,20860.9
2022-06-12 00:00:00,25522.6,,27573.1,26857.6,24978.3
2022-06-11 00:00:00,27622.2,,29268.7,28534.8,27313.1
2022-06-10 00:00:00,29268.5,,30116.2,29304.3,29046.4
2022-06-09 00:00:00,30159.6,,30290.0,30325.6,29663.2
2022-06-08 00:00:00,30271.8,,30009.4,30317.3,30070.9
2022-06-07 00:00:00,30095.8,,29572.5,31312.1,29879.0
2022-06-06 00:00:00,29567.6,,31248.0,31370.3,29235.0
2022-06-05 00:00:00,31193.9,,29755.6,31222.9,29888.6
2022-06-04 00:00:00,29746.8,,29564.4,29890.6,29684.0
2022-06-03 00:00:00,29565.0,,30543.2,29758.0,29493.2
2022-06-02 00:00:00,30486.2,,29814.9,30674.8,30367.7
2022-06-01 00:00:00,29716.8,,31801.2,29890.9,29620.7
2022-05-31 00:00:00,31631.0,,31689.0,31969.9,31627.9
2022-05-30 00:00:00,30598.9,,29149.5,30833.7,29307.2
2022-05-29 00:00:00,30301.8,,28901.1,30375.3,29307.2
2022-05-28 00:00:00,28939.3,,28694.9,29041.2,28838.7
2022-05-27 00:00:00,28789.8,,28983.3,28826.4,28537.2
2022-05-26 00:00:00,29045.8,,29808.2,29377.1,28848.8
2022-05-25 00:00:00,29787.1,,30179.2,29868.9,29518.0
2022-05-24 00:00:00,30162.7,,29301.9,30191.9,29551.0
2022-05-23 00:00:00,29281.0,,30157.8,29310.6,29069.3
2022-05-22 00:00:00,30149.6,,29352.7,30423.7,30059.8
2022-05-21 00:00:00,29360.2,,29250.2,29535.3,29360.2
2022-05-20 00:00:00,29187.4,,30168.6,29328.1,28953.9
2022-05-19 00:00:00,30209.3,,29180.6,30735.1,30126.2
2022-05-18 00:00:00,29202.1,,29834.8,29281.8,28682.1
2022-05-17 00:00:00,29840.9,,30361.1,30687.9,29802.4
2022-05-16 00:00:00,30426.4,,30312.8,30488.1,29804.3
2022-05-15 00:00:00,30298.0,,29722.1,31312.4,30211.2
2022-05-14 00:00:00,29700.5,,29568.9,30226.3,29554.4
2022-05-13 00:00:00,29540.2,,30567.5,29788.8,29223.9
2022-05-12 00:00:00,30636.3,,28383.7,30713.2,28755.0
2022-05-11 00:00:00,28757.2,,31204.8,30136.7,28503.5
2022-05-10 00:00:00,31290.5,,30655.3,31661.0,30652.7
2022-05-09 00:00:00,30665.4,,33557.0,31380.7,29831.0
2022-05-08 00:00:00,33582.0,,34478.0,34227.0,33296.0
2022-05-07 00:00:00,34461.0,,35813.0,35497.0,34228.0
2022-05-06 00:00:00,35866.0,,36431.0,36051.0,35757.0
2022-05-05 00:00:00,36405.0,,39736.0,36646.0,36155.0
2022-05-04 00:00:00,39727.0,,38017.0,39791.0,39555.0
2022-05-03 00:00:00,38004.0,,38500.0,38098.0,37660.0
2022-05-02 00:00:00,38523.0,,38705.0,38603.0,38312.0
2022-05-01 00:00:00,38699.0,,38045.0,38807.0,38387.0
2022-04-30 00:00:00,38005.0,,38652.0,38077.0,37397.0
2022-04-29 00:00:00,38649.0,,39512.0,38775.0,38549.0
2022-04-28 00:00:00,39487.0,,39345.0,39919.0,39299.0
2022-04-27 00:00:00,39352.0,,38333.0,39698.0,39164.0
2022-04-26 00:00:00,38379.0,,40549.0,38476.0,37869.0
2022-04-25 00:00:00,40536.0,,39254.0,40724.0,40398.0
2022-04-24 00:00:00,39255.0,,39787.0,39505.0,38695.0
2022-04-23 00:00:00,39801.0,,39464.0,39829.0,39421.0
2022-04-22 00:00:00,39441.0,,40502.0,39852.0,39433.0
2022-04-21 00:00:00,40549.0,,41711.0,40655.0,40258.0
2022-04-20 00:00:00,41669.0,,41409.0,41780.0,41339.0
2022-04-19 00:00:00,41359.0,,40701.0,41550.0,41235.0
2022-04-18 00:00:00,40710.0,,39820.0,41271.0,40613.0
2022-04-17 00:00:00,40430.0,,40424.0,40531.0,40129.0
2022-04-16 00:00:00,40299.0,,40425.0,40432.0,40129.0
2022-04-15 00:00:00,40432.0,,40208.0,40691.0,40414.0
2022-04-14 00:00:00,40155.0,,41332.0,40173.0,39781.0
2022-04-13 00:00:00,41314.0,,40071.0,41494.0,41062.0
2022-04-12 00:00:00,40095.0,,39717.0,40267.0,39581.0
2022-04-11 00:00:00,39695.0,,42108.0,39845.0,39293.0
2022-04-10 00:00:00,42079.0,,42783.0,42418.0,41791.0
2022-04-09 00:00:00,42786.0,,42391.0,42893.0,42605.0
2022-04-08 00:00:00,42419.0,,43612.0,42468.0,42129.0
2022-04-07 00:00:00,43572.0,,43326.0,43697.0,43304.0
2022-04-06 00:00:00,43297.0,,45180.0,43559.0,42747.0
2022-04-05 00:00:00,45228.0,,46654.0,45512.0,44417.0
2022-04-04 00:00:00,46622.0,,46025.0,46788.0,46430.0
2022-04-03 00:00:00,46110.0,,45962.0,46442.0,45772.0
2022-04-02 00:00:00,46201.0,,46366.0,47212.0,45641.0
2022-04-01 00:00:00,46541.0,,44597.0,47212.0,46096.0
2022-03-31 00:00:00,44525.0,,47100.0,45652.0,44261.0
2022-03-30 00:00:00,47109.0,,47470.0,47438.0,46980.0
2022-03-29 00:00:00,47475.0,,47347.0,47475.0,46601.0
2022-03-28 00:00:00,47350.0,,47060.0,47631.0,47087.0
2022-03-27 00:00:00,47016.0,,44739.0,47561.0,46672.0
2022-03-26 00:00:00,44652.0,,44425.0,44950.0,44511.0
2022-03-25 00:00:00,44380.0,,43984.0,44471.0,44090.0
2022-03-24 00:00:00,43969.0,,42738.0,44400.0,43883.0
2022-03-23 00:00:00,42797.0,,42118.0,43284.0,42683.0
2022-03-22 00:00:00,42145.0,,42257.0,42552.0,41930.0
2022-03-21 00:00:00,42263.0,,40855.0,42490.0,40893.0
2022-03-20 00:00:00,40887.0,,41961.0,41471.0,40530.0
2022-03-19 00:00:00,41988.0,,41804.4,42301.0,41804.0
2022-03-18 00:00:00,41575.3,,40528.3,41998.4,41529.6
2022-03-17 00:00:00,40498.2,,41006.2,40935.6,40272.9
2022-03-16 00:00:00,41003.8,,39160.8,41379.8,40825.1
2022-03-15 00:00:00,39177.4,,38773.8,41701.6,38996.6
2022-03-14 00:00:00,38729.5,,38172.4,39786.1,38658.0
2022-03-13 00:00:00,38109.1,,39189.3,38294.7,37613.6
2022-03-12 00:00:00,39181.1,,39093.5,39272.3,38733.1
2022-03-11 00:00:00,39188.2,,38515.4,39289.9,38666.5
2022-03-10 00:00:00,38491.0,,39543.1,39431.9,38236.4
2022-03-09 00:00:00,39648.0,,41637.0,42029.1,39466.2
2022-03-08 00:00:00,41623.2,,38558.0,41793.9,38663.3
2022-03-07 00:00:00,38487.5,,37931.7,38935.0,37886.6
2022-03-06 00:00:00,37951.3,,39468.9,38543.2,37597.7
2022-03-03 00:00:00,42449.2,,43912.8,44077.2,41840.8
2022-03-02 00:00:00,43300.1,,44252.7,44041.7,43258.7
2022-03-01 00:00:00,44336.6,,43350.0,44730.7,43857.6
2022-02-28 00:00:00,43331.5,,37818.6,43638.6,42890.9
2022-02-27 00:00:00,37827.8,,38610.6,38336.3,37458.9
2022-02-26 00:00:00,38608.2,,39420.0,39255.0,38230.9
2022-02-25 00:00:00,39443.6,,38927.2,40094.5,39166.3
2022-02-24 00:00:00,38756.5,,34912.1,38991.0,38167.0
2022-02-23 00:00:00,35078.8,,37760.5,37417.3,34594.1
2022-02-22 00:00:00,37982.8,,36576.5,38329.9,37598.7
2022-02-21 00:00:00,36714.9,,38935.8,37421.1,36399.6
2022-02-20 00:00:00,39234.0,,39533.9,39320.6,38226.8
2022-02-19 00:00:00,39622.6,,40140.0,40120.3,39588.5
2022-02-18 00:00:00,40169.6,,40693.8,40284.0,39940.6
2022-02-17 00:00:00,40652.1,,43635.0,40928.6,40318.0
2022-02-16 00:00:00,43692.1,,43900.1,44167.1,43376.3
2022-02-15 00:00:00,43852.7,,43492.8,44552.9,43692.2
2022-02-14 00:00:00,43483.8,,41967.6,43732.5,42460.1
2022-02-13 00:00:00,41909.3,,42207.6,42170.6,41591.3
2022-02-12 00:00:00,42202.7,,42291.0,42495.3,42080.0
2022-02-11 00:00:00,42275.7,,43108.0,42480.7,42179.9
2022-02-10 00:00:00,43052.3,,43802.1,43705.9,42643.7
2022-02-09 00:00:00,43607.8,,43469.5,44398.2,43594.8
2022-02-08 00:00:00,43555.2,,44370.6,44305.3,43202.1
2022-02-07 00:00:00,44287.8,,42839.2,44304.4,43585.5
2022-02-06 00:00:00,42793.1,,41551.6,42922.9,41695.4
2022-02-05 00:00:00,41521.7,,41467.3,41641.2,41321.1
2022-02-04 00:00:00,41450.2,,37301.6,41873.6,41201.1
2022-02-03 00:00:00,37334.7,,36915.5,37420.8,37041.1
2022-02-02 00:00:00,36961.3,,38469.0,37043.1,36773.4
2022-02-01 00:00:00,38467.8,,38564.9,38853.8,38399.7
2022-01-31 00:00:00,38539.1,,36915.8,38644.7,38189.4
2022-01-30 00:00:00,36958.5,,38120.7,37923.8,36672.8
2022-01-29 00:00:00,38040.5,,37834.2,38274.7,37796.4
2022-01-28 00:00:00,37844.5,,37214.0,37977.0,37465.4
2022-01-27 00:00:00,37151.3,,35947.3,37452.8,36662.4
2022-01-26 00:00:00,35905.8,,37784.3,37067.9,35543.2
2022-01-25 00:00:00,36391.9,,33701.2,36717.6,35729.3
2022-01-24 00:00:00,36013.2,,35121.4,36691.3,35976.4
2022-01-23 00:00:00,35095.6,,35227.4,36268.6,35095.6
2022-01-22 00:00:00,35245.4,,36286.7,35516.8,34821.4
2022-01-21 00:00:00,36303.9,,38809.5,36749.8,36082.4
2022-01-20 00:00:00,38853.1,,41902.4,41104.6,38300.8
2022-01-19 00:00:00,41929.2,,41715.7,42072.7,41658.9
2022-01-18 00:00:00,41705.1,,42041.6,42492.0,41609.5
2022-01-17 00:00:00,42026.6,,42623.5,42420.3,41931.5
2022-01-16 00:00:00,42721.7,,43035.1,43179.6,42610.7
2022-01-15 00:00:00,43069.7,,42937.5,43150.0,42873.1
2022-01-14 00:00:00,42878.6,,42687.5,43179.0,42759.6
2022-01-13 00:00:00,42747.6,,43632.1,42824.4,42380.9
2022-01-12 00:00:00,43618.7,,42628.4,44039.1,43437.3
2022-01-11 00:00:00,42576.5,,42325.5,42968.4,42476.7
2022-01-10 00:00:00,42191.0,,42198.5,42377.3,41582.0
2022-01-09 00:00:00,42346.2,,41809.4,42764.4,41260.9
2022-01-08 00:00:00,41976.8,,41902.2,42168.4,41396.8
2022-01-07 00:00:00,41950.2,,41656.7,42226.8,41551.3
2022-01-06 00:00:00,41628.5,,43051.0,43127.7,41070.0
2022-01-05 00:00:00,42947.9,,46398.9,43772.3,42615.8
2022-01-04 00:00:00,46439.5,,46096.5,46536.5,45750.1
2022-01-03 00:00:00,46069.1,,46825.2,46517.6,45967.2
2022-01-02 00:00:00,46819.5,,46919.1,47292.0,46740.9
2022-01-01 00:00:00,47043.6,,46709.5,47753.3,47043.6
2021-12-31 00:00:00,46762.2,,47204.7,46925.4,46217.5
2021-12-30 00:00:00,47315.3,,46503.3,47451.6,46835.4
2021-12-29 00:00:00,46773.0,,48006.7,46922.0,46003.0
2021-12-28 00:00:00,47862.4,,49821.4,48121.7,47484.8
2021-12-27 00:00:00,49151.8,,51012.7,50703.8,48743.7
2021-12-26 00:00:00,51003.8,,49701.7,51129.7,50459.0
2021-12-25 00:00:00,49819.5,,50836.9,50663.2,49631.7
2021-12-24 00:00:00,50890.6,,51038.4,51131.9,50633.8
2021-12-23 00:00:00,51052.0,,48371.2,51521.4,50657.1
2021-12-22 00:00:00,48475.2,,49227.0,48723.4,48089.3
2021-12-21 00:00:00,49302.3,,48577.0,49540.3,48617.7
2021-12-20 00:00:00,48589.7,,46990.8,48797.6,46654.0
2021-12-19 00:00:00,47133.6,,47322.3,48068.4,46438.4
2021-12-18 00:00:00,48000.5,,46418.4,48068.4,46438.4
2021-12-17 00:00:00,46421.2,,47925.9,46493.4,45513.4
2021-12-16 00:00:00,47915.7,,48756.4,47997.2,47500.5
2021-12-15 00:00:00,48788.9,,48243.2,49256.4,48603.9
2021-12-14 00:00:00,48249.7,,47007.0,48670.0,47868.7
2021-12-13 00:00:00,46988.2,,49041.3,47210.1,46338.3
2021-12-12 00:00:00,49007.3,,48864.0,50196.1,48483.9
2021-12-11 00:00:00,48922.7,,48546.4,49652.7,48917.4
2021-12-10 00:00:00,48434.8,,48205.8,48669.8,46834.0
2021-12-09 00:00:00,48234.5,,49819.8,48751.2,47473.8
2021-12-08 00:00:00,49730.4,,50230.2,50790.2,49501.1
2021-12-07 00:00:00,50189.3,,50916.3,50799.1,50090.9
2021-12-06 00:00:00,50907.7,,49004.9,51351.1,50378.7
2021-12-05 00:00:00,49059.0,,48957.6,49457.2,48317.2
2021-12-04 00:00:00,48367.5,,55320.6,53847.2,42587.8
2021-12-03 00:00:00,51422.3,,56598.7,53847.2,51422.3
2021-12-02 00:00:00,56546.4,,56509.6,56752.2,56116.3
2021-12-01 00:00:00,56496.9,,57081.6,57377.5,55807.9
2021-11-30 00:00:00,57078.1,,57209.6,57671.5,56715.0
2021-11-29 00:00:00,57219.4,,57263.2,57961.1,56819.6
2021-11-28 00:00:00,57371.9,,54045.0,58228.5,57157.7
2021-11-27 00:00:00,53998.0,,54496.1,54804.3,53735.5
2021-11-26 00:00:00,54553.2,,57900.3,54622.7,53654.3
2021-11-25 00:00:00,57815.7,,57746.4,59151.1,57696.6
2021-11-24 00:00:00,57272.3,,56402.5,58262.9,57127.1
2021-11-23 00:00:00,56578.8,,56932.2,57697.4,56171.3
2021-11-22 00:00:00,56902.1,,57399.8,57243.9,56024.2
2021-11-21 00:00:00,57290.0,,58679.0,58719.7,57203.6
2021-11-20 00:00:00,58654.6,,58543.1,59771.9,58598.5
2021-11-19 00:00:00,58425.7,,55903.4,58982.4,57963.0
2021-11-18 00:00:00,56147.5,,59862.2,57502.4,55626.3
2021-11-17 00:00:00,59941.3,,59037.2,60936.9,59661.5
2021-11-16 00:00:00,58999.1,,61258.5,60398.7,58584.0
2021-11-15 00:00:00,61418.5,,65776.6,63605.6,60375.5
2021-11-14 00:00:00,65736.6,,64743.7,66160.7,65514.9
2021-11-13 00:00:00,64749.6,,63701.0,65289.1,64397.2
2021-11-12 00:00:00,63800.9,,64921.3,64417.0,63584.4
2021-11-11 00:00:00,65005.4,,64642.0,65449.7,64158.4
2021-11-10 00:00:00,64556.4,,66644.3,65042.2,64121.9
2021-11-09 00:00:00,66627.7,,68277.9,67357.6,66263.9
2021-11-08 00:00:00,68205.4,,65181.3,68493.3,67169.7
2021-11-07 00:00:00,65164.5,,62194.2,65575.3,63276.4
2021-11-06 00:00:00,62091.7,,61132.9,62307.7,61347.2
2021-11-05 00:00:00,61078.6,,62242.1,61289.5,60828.8
2021-11-04 00:00:00,62139.5,,62439.2,62326.3,60856.7
2021-11-03 00:00:00,62464.0,,63211.6,63077.6,62293.8
2021-11-02 00:00:00,63041.7,,61091.8,63508.6,62810.7
2021-11-01 00:00:00,61098.7,,59952.3,61523.4,60651.5
2021-10-31 00:00:00,60086.2,,61699.2,61733.9,60019.3
2021-10-30 00:00:00,61648.6,,61667.6,62393.7,61617.3
2021-10-29 00:00:00,61707.2,,61661.1,62338.5,61646.6
2021-10-28 00:00:00,61558.1,,58791.6,62009.1,60322.2
2021-10-27 00:00:00,58791.1,,60536.2,58946.1,58128.1
2021-10-26 00:00:00,60708.6,,62738.2,60830.4,60159.3
2021-10-25 00:00:00,62688.4,,61955.9,63275.1,62647.9
2021-10-24 00:00:00,62094.3,,61197.5,62214.4,60655.8
2021-10-23 00:00:00,61253.3,,61133.6,61469.9,60829.3
2021-10-22 00:00:00,61162.7,,62840.3,61243.3,60434.1
2021-10-21 00:00:00,63145.0,,65070.5,63305.5,62152.8
2021-10-20 00:00:00,64998.5,,63847.2,66004.7,64125.9
2021-10-19 00:00:00,63918.7,,62603.8,64343.4,63750.8
2021-10-18 00:00:00,62643.6,,62126.1,62954.0,61692.9
2021-10-17 00:00:00,62055.5,,61133.8,62563.5,61415.4
2021-10-16 00:00:00,61159.0,,61624.0,61333.9,60511.2
2021-10-15 00:00:00,61426.5,,59435.5,61736.8,61123.2
2021-10-14 00:00:00,59323.5,,58071.6,59417.7,56874.8
2021-10-13 00:00:00,58168.4,,56279.9,58506.5,57149.8
2021-10-12 00:00:00,56297.4,,56673.3,56537.3,55845.3
2021-10-11 00:00:00,56704.4,,56505.4,57480.6,56438.3
2021-10-10 00:00:00,56534.9,,55076.9,56681.6,54457.8
2021-10-09 00:00:00,54868.6,,54583.6,55169.9,54100.8
2021-10-08 00:00:00,54637.5,,53802.5,54681.9,53711.7
2021-10-07 00:00:00,53810.6,,54818.2,54418.1,53716.1
2021-10-06 00:00:00,54966.6,,51537.3,55325.2,54162.7
2021-10-05 00:00:00,51540.8,,49302.5,51604.6,50993.0
2021-10-04 00:00:00,49210.2,,47486.7,49760.2,49060.1
2021-10-03 00:00:00,47498.3,,47882.1,48285.0,47398.7
2021-10-02 00:00:00,47662.7,,47533.6,47800.5,47123.0
2021-10-01 00:00:00,47548.0,,43621.5,48226.6,47509.1
2021-09-30 00:00:00,43467.3,,43627.3,44011.5,43292.9
2021-09-29 00:00:00,43446.4,,42162.2,43495.4,41416.7
2021-09-28 00:00:00,42092.6,,42553.8,42108.5,40815.0
2021-09-27 00:00:00,43863.5,,41960.3,44293.2,42949.7
2021-09-26 00:00:00,43889.5,,42199.8,44293.2,42949.7
2021-09-25 00:00:00,42234.2,,42634.9,42737.6,41943.9
2021-09-24 00:00:00,42654.1,,44289.0,42944.0,42073.8
2021-09-23 00:00:00,44365.4,,44070.0,44977.5,44336.6
2021-09-22 00:00:00,43959.2,,42051.4,44162.9,43090.1
2021-09-21 00:00:00,42206.2,,42684.5,42393.4,40585.7
2021-09-20 00:00:00,42686.2,,45584.9,43035.6,40401.5
2021-09-19 00:00:00,45526.3,,47840.2,47323.9,45310.7
2021-09-18 00:00:00,47940.9,,47926.1,48341.9,47650.8
2021-09-17 00:00:00,47526.6,,48032.7,47572.0,47070.5
2021-09-16 00:00:00,47876.3,,47625.4,48095.8,47466.5
2021-09-15 00:00:00,47545.5,,47091.9,48181.9,47358.8
2021-09-14 00:00:00,47097.4,,45193.2,47396.0,46953.7
2021-09-13 00:00:00,45281.7,,44845.0,45353.8,44718.7
2021-09-12 00:00:00,44973.6,,45319.6,46269.8,44830.0
2021-09-11 00:00:00,45308.7,,45190.1,45338.8,44755.2
2021-09-10 00:00:00,45023.2,,46721.5,45476.1,44766.6
2021-09-09 00:00:00,46604.7,,45973.9,47021.6,46287.7
2021-09-08 00:00:00,45904.5,,46444.2,46341.9,45609.0
2021-09-07 00:00:00,46533.2,,52649.9,47316.9,46329.3
2021-09-06 00:00:00,52639.6,,51601.2,52885.3,52388.6
2021-09-05 00:00:00,50129.3,,50099.3,50285.9,49492.4
2021-09-04 00:00:00,49716.3,,50280.5,50285.9,49705.6
2021-09-03 00:00:00,50267.4,,49485.2,50346.3,49603.1
2021-09-02 00:00:00,49446.8,,49567.0,49497.3,48377.3
2021-09-01 00:00:00,49571.7,,47050.5,49870.3,48612.9
2021-08-31 00:00:00,46918.2,,47151.5,47289.5,46533.1
2021-08-30 00:00:00,47177.0,,47964.3,47204.9,46709.3
2021-08-29 00:00:00,47944.6,,48231.9,48886.0,47822.7
2021-08-28 00:00:00,48258.5,,48862.5,49621.7,48101.9
2021-08-27 00:00:00,48880.7,,46822.3,49289.4,48846.4
2021-08-26 00:00:00,46867.7,,47263.6,49347.8,46584.0
2021-08-25 00:00:00,47967.1,,47993.2,49347.8,47898.8
2021-08-24 00:00:00,48000.6,,49341.6,48277.5,47669.8
2021-08-23 00:00:00,49352.5,,50263.4,49685.2,48812.4
2021-08-22 00:00:00,50226.5,,48807.3,50329.4,49099.0
2021-08-21 00:00:00,48736.4,,48834.5,49164.1,48623.7
2021-08-20 00:00:00,48901.9,,47056.5,49334.0,48744.8
2021-08-19 00:00:00,47048.0,,44073.6,47377.9,46646.8
2021-08-18 00:00:00,44177.2,,45048.2,45184.6,44086.7
2021-08-17 00:00:00,44959.0,,46393.3,45133.9,44230.0
2021-08-16 00:00:00,46399.9,,47375.4,46589.1,45323.2
2021-08-15 00:00:00,47497.9,,46870.1,48002.4,46814.1
2021-08-14 00:00:00,47015.6,,47546.0,47344.1,46928.0
2021-08-13 00:00:00,47500.4,,44950.2,47826.5,47408.6
2021-08-12 00:00:00,44962.2,,45916.8,45012.1,44242.4
2021-08-11 00:00:00,46123.5,,45585.1,46213.8,45432.5
2021-08-10 00:00:00,45600.4,,45714.8,45983.0,45367.9
2021-08-09 00:00:00,45689.8,,43504.9,46663.4,45659.4
2021-08-08 00:00:00,43552.4,,44327.7,43958.6,42824.1
2021-08-07 00:00:00,44307.8,,43712.7,44749.5,43842.5
2021-08-06 00:00:00,43672.9,,40223.3,43707.4,42611.0
2021-08-05 00:00:00,40166.6,,39433.6,40979.0,39967.4
2021-08-04 00:00:00,39431.3,,37972.1,39834.2,39202.6
2021-08-03 00:00:00,38054.8,,38653.8,38555.5,37904.4
2021-08-02 00:00:00,38569.7,,39789.5,39766.6,38543.5
2021-08-01 00:00:00,39782.5,,42446.5,40078.5,39306.9
2021-07-31 00:00:00,42281.8,,41818.0,42361.8,41123.8
2021-07-30 00:00:00,41914.8,,39981.7,42285.3,41645.5
2021-07-29 00:00:00,39976.3,,39657.8,40245.6,39769.8
2021-07-28 00:00:00,39740.4,,39845.0,40205.2,39340.8
2021-07-27 00:00:00,39831.3,,36552.0,40296.4,38946.6
2021-07-26 00:00:00,36914.2,,38072.6,37514.9,36427.4
2021-07-25 00:00:00,38138.0,,33824.8,39639.9,35236.7
2021-07-24 00:00:00,34234.5,,33670.3,34302.5,33956.8
2021-07-23 00:00:00,33611.3,,32591.5,33776.7,33412.9
2021-07-22 00:00:00,32537.4,,31941.1,32746.2,32215.0
2021-07-21 00:00:00,31960.1,,29841.3,32352.3,31803.1
2021-07-20 00:00:00,29849.9,,29609.5,29901.8,29519.3
2021-07-19 00:00:00,29619.3,,31553.7,31040.8,29574.0
2021-07-18 00:00:00,31577.7,,32151.5,31838.7,31462.8
2021-07-17 00:00:00,32132.1,,31310.2,32408.2,31490.2
2021-07-16 00:00:00,31326.6,,31899.8,31616.8,31207.8
2021-07-15 00:00:00,31906.4,,32760.4,32016.9,31581.1
2021-07-14 00:00:00,32711.8,,32543.1,33157.0,32657.7
2021-07-13 00:00:00,31785.0,,33075.9,32778.8,31695.8
2021-07-12 00:00:00,33139.4,,34267.6,33220.4,32839.5
2021-07-11 00:00:00,34504.4,,33535.6,34507.9,34077.1
2021-07-10 00:00:00,33461.4,,33725.0,33794.9,33434.4
2021-07-09 00:00:00,33827.8,,32747.0,34221.0,33678.0
2021-07-08 00:00:00,32956.6,,33372.9,32993.5,32367.0
2021-07-07 00:00:00,33359.6,,34444.3,33923.2,33095.9
2021-07-06 00:00:00,34428.1,,33923.3,34495.7,33966.6
2021-07-05 00:00:00,33883.2,,34371.6,34157.4,33669.5
2021-07-04 00:00:00,34334.7,,34742.8,35300.5,34309.2
2021-07-03 00:00:00,34771.6,,33299.0,34909.8,33363.3
2021-07-02 00:00:00,33396.0,,32909.5,33895.1,33363.3
2021-07-01 00:00:00,32895.6,,34155.1,33925.9,32778.7
2021-06-30 00:00:00,34202.6,,35071.7,35030.7,34174.5
2021-06-29 00:00:00,35254.7,,34584.1,36089.5,35148.9
2021-06-28 00:00:00,34555.3,,34396.1,35125.8,34247.6
2021-06-27 00:00:00,34458.7,,33152.6,34884.0,34319.5
2021-06-26 00:00:00,33189.6,,32000.0,33192.3,32041.7
2021-06-25 00:00:00,32063.6,,35103.5,32214.2,31360.1
2021-06-24 00:00:00,35098.7,,32612.9,35490.9,34304.2
2021-06-23 00:00:00,32466.3,,33989.2,33798.6,32376.2
2021-06-22 00:00:00,33811.7,,33028.2,34236.2,31736.5
2021-06-21 00:00:00,33025.6,,34691.0,33181.2,31216.0
2021-06-20 00:00:00,34681.0,,35531.9,35708.4,34676.1
2021-06-19 00:00:00,35636.2,,35084.1,35788.1,35176.2
2021-06-18 00:00:00,34963.5,,37925.6,36283.5,34845.5
2021-06-17 00:00:00,37940.2,,38862.5,38166.0,37231.8
2021-06-16 00:00:00,38834.5,,40031.8,38963.7,38231.4
2021-06-15 00:00:00,40023.9,,40403.5,40167.5,39645.3
2021-06-14 00:00:00,40479.3,,38995.2,40838.1,39920.0
2021-06-13 00:00:00,38826.4,,34881.8,39784.6,38769.9
2021-06-12 00:00:00,34950.8,,35585.4,35903.9,34876.1
2021-06-11 00:00:00,35339.5,,36758.6,37437.3,35335.8
2021-06-10 00:00:00,36665.9,,36955.5,37177.3,36003.3
2021-06-09 00:00:00,37012.9,,32881.0,37595.3,36759.8
2021-06-08 00:00:00,32952.3,,32819.6,33502.8,32428.6
2021-06-07 00:00:00,32869.0,,36384.0,34047.8,32447.0
2021-06-06 00:00:00,36404.7,,36002.2,36754.6,35576.3
2021-06-05 00:00:00,35968.9,,37400.3,36225.5,35421.5
2021-06-04 00:00:00,37419.3,,37928.2,37811.3,36666.8
2021-06-03 00:00:00,37877.1,,37636.0,39255.4,37442.6
2021-06-02 00:00:00,37581.7,,36479.5,37812.7,37193.6
2021-06-01 00:00:00,36395.6,,36699.5,36856.2,35981.1
2021-05-31 00:00:00,36617.3,,34503.3,37850.3,36539.1
2021-05-30 00:00:00,34408.7,,34780.3,35931.9,34330.2
2021-05-29 00:00:00,34670.7,,36465.5,34773.6,33441.0
2021-05-28 00:00:00,36324.7,,38279.0,36717.8,35651.4
2021-05-27 00:00:00,37973.8,,37616.5,38844.1,37790.4
2021-05-26 00:00:00,37470.0,,39562.9,39249.0,37190.8
2021-05-25 00:00:00,39444.5,,38360.3,39497.3,37847.0
2021-05-24 00:00:00,38288.4,,35268.6,39740.8,37875.1
2021-05-23 00:00:00,35298.3,,37460.4,35863.1,34715.3
2021-05-22 00:00:00,37436.4,,36979.4,38248.7,36822.9
2021-05-21 00:00:00,36906.3,,40710.8,38056.8,36606.7
2021-05-20 00:00:00,40779.5,,38170.6,42108.3,40521.5
2021-05-19 00:00:00,38220.1,,40491.1,38573.3,35010.4
2021-05-18 00:00:00,40569.0,,45042.4,43516.6,40164.2
2021-05-17 00:00:00,44847.2,,44482.0,45231.4,43186.8
2021-05-16 00:00:00,43493.4,,48167.2,46545.4,43072.5
2021-05-15 00:00:00,47875.9,,50046.3,48323.8,46574.6
2021-05-14 00:00:00,49762.8,,49176.2,50640.9,49303.7
2021-05-13 00:00:00,49391.5,,50260.7,50387.3,49258.0
2021-05-12 00:00:00,49715.2,,57762.7,50843.0,46331.1
2021-05-11 00:00:00,57752.6,,55164.2,57753.0,56597.1
2021-05-10 00:00:00,55126.4,,59400.6,56384.2,54550.4
2021-05-09 00:00:00,59352.4,,58585.3,59426.6,58066.0
2021-05-08 00:00:00,58976.3,,58110.5,59227.0,58391.4
2021-05-07 00:00:00,58058.1,,55732.0,58412.9,56972.2
2021-05-06 00:00:00,55920.0,,56835.9,57080.7,55533.7
2021-05-05 00:00:00,56860.9,,55024.5,57560.8,56623.5
2021-05-04 00:00:00,55085.6,,55745.7,55088.1,53872.5
2021-05-03 00:00:00,55470.2,,57953.7,57201.3,54735.3
2021-05-02 00:00:00,57961.5,,56532.2,58261.4,56562.4
2021-05-01 00:00:00,56591.0,,58189.8,57868.4,56556.1
2021-04-30 00:00:00,58188.8,,53706.0,58449.4,57528.9
2021-04-29 00:00:00,53667.0,,54270.4,53802.7,53088.7
2021-04-28 00:00:00,54165.8,,54818.7,55173.7,54164.4
2021-04-27 00:00:00,55019.8,,53505.3,55718.8,54871.9
2021-04-26 00:00:00,53527.9,,52388.1,54120.6,53431.1
2021-04-25 00:00:00,52265.6,,49690.8,52420.9,48815.9
2021-04-24 00:00:00,49705.9,,50128.7,50438.8,49658.6
2021-04-23 00:00:00,50207.0,,50294.7,51183.0,49380.6
2021-04-22 00:00:00,50197.1,,53456.3,52099.9,48788.3
2021-04-21 00:00:00,53351.4,,55256.9,54606.2,52585.9
2021-04-20 00:00:00,55500.5,,54709.0,56764.4,55447.9
2021-04-19 00:00:00,54759.9,,57060.2,55776.8,54404.6
2021-04-18 00:00:00,57230.4,,55371.5,57275.2,55767.0
2021-04-17 00:00:00,53728.9,,62404.8,60362.1,51817.6
2021-04-16 00:00:00,62376.3,,62936.8,62509.1,61155.6
2021-04-15 00:00:00,63063.3,,63055.8,63518.5,62738.3
2021-04-14 00:00:00,63001.1,,63715.3,63347.3,62361.7
2021-04-13 00:00:00,63809.0,,60496.3,63818.7,63080.7
2021-04-12 00:00:00,60535.5,,60350.4,61068.3,59839.4
2021-04-11 00:00:00,60211.2,,60267.1,60311.3,59598.2
2021-04-10 00:00:00,60319.8,,59206.4,60667.1,59640.8
2021-04-09 00:00:00,59119.4,,58010.7,59149.9,57900.0
2021-04-08 00:00:00,58081.2,,56565.9,58391.3,57832.9
2021-04-07 00:00:00,56580.9,,57900.4,56674.6,55721.6
2021-04-06 00:00:00,57907.1,,58611.7,58192.7,57286.9
2021-04-05 00:00:00,58800.4,,57452.1,59487.0,58662.0
2021-04-04 00:00:00,57555.1,,57541.4,58355.0,57497.6
2021-04-03 00:00:00,57325.1,,59216.6,57448.9,56470.6
2021-04-02 00:00:00,59205.3,,59676.4,59414.0,58948.5
2021-04-01 00:00:00,59733.7,,59083.4,60134.9,58496.3
2021-03-31 00:00:00,58995.8,,58673.7,59309.8,58738.9
2021-03-30 00:00:00,58534.6,,57320.0,59030.2,58429.8
2021-03-29 00:00:00,57141.0,,55344.1,57752.7,57128.3
2021-03-28 00:00:00,55393.9,,55791.9,55899.4,55002.9
2021-03-27 00:00:00,56133.6,,54786.9,56174.8,55645.5
2021-03-26 00:00:00,54751.7,,51667.2,55532.1,54551.8
2021-03-25 00:00:00,52428.5,,52189.3,52669.2,51306.1
2021-03-24 00:00:00,52136.7,,54447.1,52763.0,51561.3
2021-03-23 00:00:00,54444.7,,54517.9,54716.8,53579.1
2021-03-22 00:00:00,54577.0,,57558.1,55287.5,53842.1
2021-03-21 00:00:00,57316.4,,57809.8,57443.4,56357.5
2021-03-20 00:00:00,57754.5,,58419.7,58583.8,57471.4
2021-03-19 00:00:00,58296.2,,57773.0,58877.5,57863.0
2021-03-18 00:00:00,57859.3,,58724.5,57876.5,56305.1
2021-03-17 00:00:00,58727.6,,55489.5,59489.4,58621.9
2021-03-16 00:00:00,55835.2,,54277.3,57121.0,55683.4
2021-03-15 00:00:00,54269.4,,60347.5,56024.1,53342.6
2021-03-14 00:00:00,60375.5,,61350.2,60459.9,58859.0
2021-03-13 00:00:00,61218.9,,56865.6,61673.7,60755.8
2021-03-12 00:00:00,56485.1,,56702.6,57271.8,56118.8
2021-03-11 00:00:00,56710.6,,55812.7,58052.3,56545.9
2021-03-10 00:00:00,55667.1,,53694.3,56461.0,55168.1
2021-03-09 00:00:00,53565.5,,53714.1,55772.3,53187.5
2021-03-08 00:00:00,53878.4,,50450.8,54077.9,51941.3
2021-03-07 00:00:00,50411.2,,49485.6,51801.1,50141.4
2021-03-06 00:00:00,49501.2,,48467.1,49881.4,48890.6
2021-03-05 00:00:00,48447.7,,46677.4,49132.7,48166.4
2021-03-04 00:00:00,47132.0,,49029.8,48363.6,46370.1
2021-03-03 00:00:00,49278.1,,49126.2,51757.7,49111.5
2021-03-02 00:00:00,49207.5,,49161.1,49309.1,48159.2
2021-03-01 00:00:00,49053.0,,46464.4,50191.9,48662.2
2021-02-28 00:00:00,46566.6,,44403.5,46809.5,45008.8
2021-02-27 00:00:00,44741.0,,47686.9,46582.0,44346.9
2021-02-26 00:00:00,47762.9,,47011.8,48018.5,46205.2
2021-02-25 00:00:00,47020.0,,49651.9,47749.1,46051.2
2021-02-24 00:00:00,49822.7,,50783.0,50857.8,49597.9
2021-02-23 00:00:00,50884.3,,50636.7,51299.1,47031.7
2021-02-22 00:00:00,50379.0,,55807.3,54115.0,50161.2
2021-02-21 00:00:00,55531.8,,56715.9,57480.5,55128.5
2021-02-20 00:00:00,56537.3,,55829.6,56895.2,55502.7
2021-02-19 00:00:00,55941.9,,51162.8,56552.6,55415.1
2021-02-18 00:00:00,51137.3,,52170.7,51925.3,50816.8
2021-02-17 00:00:00,52070.7,,49360.2,52524.0,51731.3
2021-02-16 00:00:00,49273.4,,49349.4,50209.6,49018.1
2021-02-15 00:00:00,49224.3,,46875.7,49951.0,47044.4
2021-02-14 00:00:00,46784.5,,47558.1,48936.5,45786.1
2021-02-13 00:00:00,47564.1,,47840.0,47698.3,47051.9
2021-02-12 00:00:00,47856.3,,47309.6,48097.3,47271.0
2021-02-11 00:00:00,47123.7,,44648.8,48927.4,46950.9
2021-02-10 00:00:00,44618.5,,46022.3,44993.5,44041.0
2021-02-09 00:00:00,46010.7,,46841.3,46865.5,45652.1
2021-02-08 00:00:00,46400.5,,38596.3,47405.3,45603.3
2021-02-07 00:00:00,38611.7,,38328.5,39123.6,38057.0
2021-02-06 00:00:00,37990.1,,39208.2,39611.9,37987.2
2021-02-05 00:00:00,39259.4,,37284.7,39653.1,38275.3
2021-02-04 00:00:00,37299.4,,37696.7,37488.4,36640.0
2021-02-03 00:00:00,37634.5,,36618.4,38298.5,37375.9
2021-02-02 00:00:00,36609.2,,33904.7,36843.5,35401.5
2021-02-01 00:00:00,33869.6,,33554.3,34150.4,33462.4
2021-01-31 00:00:00,33580.3,,34031.8,33937.7,32324.9
2021-01-30 00:00:00,33930.3,,33512.0,34348.3,33687.3
2021-01-29 00:00:00,33424.5,,33762.7,34920.9,32908.5
2021-01-28 00:00:00,33093.1,,31342.0,34325.8,32839.8
2021-01-27 00:00:00,31258.1,,31887.7,31602.0,29911.9
2021-01-26 00:00:00,31721.7,,32027.9,32545.4,31556.2
2021-01-25 00:00:00,32007.5,,33397.7,32820.1,31493.3
2021-01-24 00:00:00,33348.7,,32838.3,33739.5,32205.1
2021-01-23 00:00:00,32659.8,,32598.5,32702.9,31692.5
2021-01-22 00:00:00,32635.2,,30933.8,32994.1,32088.2
2021-01-21 00:00:00,30812.8,,34249.9,31380.0,28871.2
2021-01-20 00:00:00,34462.6,,35261.1,35591.1,34256.8
2021-01-19 00:00:00,35386.8,,36332.8,36384.4,34857.0
2021-01-18 00:00:00,36406.6,,35132.9,37270.5,36360.3
2021-01-17 00:00:00,34976.6,,35857.6,36195.2,34890.7
2021-01-16 00:00:00,35955.7,,36582.2,36723.7,35592.7
2021-01-15 00:00:00,36549.4,,38459.4,37608.6,36022.9
2021-01-14 00:00:00,38569.2,,37485.3,39715.0,38354.6
2021-01-13 00:00:00,37370.9,,33179.3,38133.2,36772.1
2021-01-12 00:00:00,33168.2,,35278.4,34297.0,32451.9
2021-01-11 00:00:00,34771.4,,35567.4,35490.0,33729.6
2021-01-10 00:00:00,35633.7,,40378.2,38217.2,33688.8
2021-01-09 00:00:00,40390.8,,40236.9,41362.4,40149.7
2021-01-08 00:00:00,40378.7,,38721.8,40950.2,39556.7
2021-01-07 00:00:00,38713.3,,37492.9,39701.2,36613.4
2021-01-06 00:00:00,37490.0,,35320.3,37714.8,36494.1
2021-01-05 00:00:00,35228.7,,30918.3,35739.4,33408.3
2021-01-04 00:00:00,31381.1,,33288.9,32846.9,30460.5
2021-01-03 00:00:00,33328.7,,33238.9,33587.5,32453.1
2021-01-02 00:00:00,32861.6,,29382.6,32884.7,32029.6
2021-01-01 00:00:00,29400.6,,29245.0,29496.7,29008.0
2020-12-31 00:00:00,29238.8,,29024.8,29482.3,28724.3
2020-12-30 00:00:00,28940.6,,27903.6,29298.8,28334.2
2020-12-29 00:00:00,27838.5,,26443.7,28192.6,27377.0
2020-12-28 00:00:00,26381.2,,26847.4,27089.4,26205.1
2020-12-27 00:00:00,26946.1,,26715.1,27331.6,26144.3
2020-12-26 00:00:00,26710.9,,24811.2,26937.5,26438.4
2020-12-25 00:00:00,24911.2,,23603.6,25011.0,24515.1
2020-12-24 00:00:00,23577.7,,23023.4,23814.1,23445.3
2020-12-23 00:00:00,22977.4,,23470.0,23253.2,22737.3
2020-12-22 00:00:00,23516.6,,22948.2,24028.9,23500.7
2020-12-21 00:00:00,22954.2,,23912.5,23060.8,22481.0
2020-12-20 00:00:00,23901.2,,23410.0,24101.9,23321.1
2020-12-19 00:00:00,23300.3,,23047.1,23843.6,23098.9
2020-12-18 00:00:00,23083.2,,22867.7,23229.1,22923.1
2020-12-17 00:00:00,22947.3,,21786.2,23241.3,22493.9
2020-12-16 00:00:00,21837.6,,19335.0,22148.4,21243.1
2020-12-15 00:00:00,19381.2,,19484.8,19491.7,19299.7
2020-12-14 00:00:00,19309.3,,19265.1,19556.3,19250.3
2020-12-13 00:00:00,19083.0,,18790.9,19326.2,19007.0
2020-12-12 00:00:00,18867.2,,18277.1,18883.6,18716.8
2020-12-11 00:00:00,18384.0,,17962.6,18390.1,18025.1
2020-12-10 00:00:00,17984.0,,18400.6,18288.3,17733.8
2020-12-09 00:00:00,18455.5,,18153.8,18551.8,18339.6
2020-12-08 00:00:00,18217.9,,19182.5,18371.5,18053.0
2020-12-07 00:00:00,19178.5,,19290.0,19236.0,19141.1
2020-12-06 00:00:00,19288.8,,19191.3,19424.6,19166.9
2020-12-05 00:00:00,19203.7,,18816.8,19340.1,19141.0
2020-12-04 00:00:00,18884.1,,19170.8,18921.3,18507.1
2020-12-03 00:00:00,19288.2,,19040.9,19529.5,19140.2
2020-12-02 00:00:00,19065.4,,18519.1,19295.0,18954.6
2020-12-01 00:00:00,18507.3,,19380.4,18954.5,18346.7
2020-11-30 00:00:00,19466.8,,18535.0,19717.6,19366.8
2020-11-29 00:00:00,18511.3,,17771.7,18616.7,18186.0
2020-11-28 00:00:00,17791.7,,16969.4,17864.0,17530.4
2020-11-27 00:00:00,16938.7,,17070.3,17191.5,16915.9
2020-11-26 00:00:00,17071.3,,17757.1,17450.3,17037.8
2020-11-25 00:00:00,17777.1,,18690.9,18894.9,17279.7
2020-11-24 00:00:00,18779.6,,18448.2,19216.6,18769.4
2020-11-23 00:00:00,18423.7,,18461.3,18527.7,18230.0
2020-11-22 00:00:00,18453.4,,18593.9,18516.7,18016.0
2020-11-21 00:00:00,18582.4,,18583.1,18751.5,18367.6
2020-11-20 00:00:00,18614.6,,18195.0,18966.0,18467.5
2020-11-19 00:00:00,18180.0,,17847.3,18225.4,17758.4
2020-11-18 00:00:00,17843.5,,18377.9,18054.8,17594.6
2020-11-17 00:00:00,18376.8,,16672.6,18393.2,17613.2
2020-11-16 00:00:00,16648.2,,16032.5,16825.9,16562.0
2020-11-15 00:00:00,16004.3,,15937.4,16042.1,15870.7
2020-11-14 00:00:00,15924.2,,16149.6,16102.3,15879.5
2020-11-13 00:00:00,16116.8,,16405.1,16328.2,16111.2
2020-11-12 00:00:00,16395.1,,15666.2,16474.1,16270.7
2020-11-11 00:00:00,15659.1,,15372.5,15712.1,15483.5
2020-11-10 00:00:00,15385.2,,15385.1,15497.5,15281.0
2020-11-09 00:00:00,15396.9,,15385.7,15431.2,15192.7
2020-11-08 00:00:00,15395.6,,14967.7,15598.4,15364.2
2020-11-07 00:00:00,15030.2,,15556.5,15106.5,14720.7
2020-11-06 00:00:00,15498.7,,15463.3,15754.4,15471.1
2020-11-05 00:00:00,15548.2,,14293.3,15955.2,15433.0
2020-11-04 00:00:00,14292.5,,13908.9,14358.6,14099.7
2020-11-03 00:00:00,13897.3,,13419.7,14034.5,13704.8
2020-11-02 00:00:00,13419.0,,13698.9,13640.2,13321.2
2020-11-01 00:00:00,13666.5,,13677.2,13828.4,13655.0
2020-10-31 00:00:00,13659.0,,13491.7,13889.5,13659.0
2020-10-30 00:00:00,13471.3,,13434.0,13731.5,13441.7
2020-10-29 00:00:00,13452.7,,13280.8,13655.7,13363.1
2020-10-28 00:00:00,13266.6,,13785.0,13308.6,13180.8
2020-10-27 00:00:00,13799.5,,13082.2,13851.7,13637.3
2020-10-26 00:00:00,13090.0,,13100.9,13125.2,13050.3
2020-10-25 00:00:00,13101.3,,13298.6,13129.3,12982.5
2020-10-24 00:00:00,13303.9,,12972.0,13343.9,13077.8
2020-10-23 00:00:00,12982.1,,12966.3,13013.7,12876.4
2020-10-22 00:00:00,12958.2,,12726.0,13005.1,12842.7
2020-10-21 00:00:00,12770.2,,12187.8,12928.1,12718.1
2020-10-20 00:00:00,12195.9,,11743.2,12232.6,11894.6
2020-10-19 00:00:00,11756.5,,11421.2,11760.8,11685.7
2020-10-18 00:00:00,11430.9,,11370.6,11529.8,11427.2
2020-10-17 00:00:00,11372.3,,11365.6,11399.5,11349.8
2020-10-16 00:00:00,11355.2,,11508.9,11358.0,11274.4
2020-10-15 00:00:00,11499.0,,11377.5,11542.2,11474.9
2020-10-14 00:00:00,11376.5,,11392.8,11426.4,11361.7
2020-10-13 00:00:00,11442.7,,11457.4,11485.6,11413.8
2020-10-12 00:00:00,11469.1,,11386.4,11540.4,11436.9
2020-10-11 00:00:00,11395.5,,11333.0,11408.8,11348.5
2020-10-10 00:00:00,11327.2,,11410.8,11394.5,11277.6
2020-10-09 00:00:00,11419.8,,10889.9,11475.0,11053.5
2020-10-08 00:00:00,10896.3,,10642.5,10939.1,10868.4
2020-10-07 00:00:00,10645.4,,10577.1,10672.1,10619.9
2020-10-06 00:00:00,10588.9,,10766.7,10604.3,10553.3
2020-10-05 00:00:00,10778.5,,10667.2,10800.3,10743.2
2020-10-04 00:00:00,10684.2,,10547.2,10729.9,10659.4
2020-10-03 00:00:00,10545.4,,10556.6,10560.3,10520.8
2020-10-02 00:00:00,10552.7,,10646.8,10576.8,10523.4
2020-10-01 00:00:00,10613.6,,10798.4,10627.6,10585.9
2020-09-30 00:00:00,10801.9,,10747.7,10855.5,10776.6
2020-09-29 00:00:00,10768.5,,10688.6,10847.7,10757.2
2020-09-28 00:00:00,10697.8,,10908.7,10728.5,10667.8
2020-09-27 00:00:00,10895.8,,10779.4,10946.6,10776.4
2020-09-26 00:00:00,10778.7,,10710.3,10799.2,10722.4
2020-09-25 00:00:00,10706.4,,10710.7,10745.6,10650.2
2020-09-24 00:00:00,10685.4,,10299.5,10753.5,10685.4
2020-09-23 00:00:00,10300.2,,10515.5,10336.1,10201.0
2020-09-22 00:00:00,10485.9,,10445.5,10535.0,10485.4
2020-09-21 00:00:00,10450.9,,10963.6,10488.6,10374.4
2020-09-20 00:00:00,10957.9,,10950.7,10977.0,10895.7
2020-09-19 00:00:00,10950.5,,10977.6,11081.6,10908.5
2020-09-18 00:00:00,10960.0,,10927.1,10977.8,10933.1
2020-09-17 00:00:00,10938.2,,10873.6,10956.3,10890.8
2020-09-16 00:00:00,10887.4,,10780.9,11039.3,10885.8
2020-09-15 00:00:00,10762.2,,10752.0,10790.1,10669.2
2020-09-14 00:00:00,10739.2,,10352.1,10832.3,10652.9
2020-09-13 00:00:00,10353.0,,10551.7,10369.3,10264.5
2020-09-12 00:00:00,10546.3,,10344.1,10556.3,10411.2
2020-09-11 00:00:00,10351.7,,10218.4,10393.5,10326.0
2020-09-10 00:00:00,10222.9,,10377.4,10377.5,10212.6
2020-09-09 00:00:00,10365.6,,10028.2,10408.9,10219.2
2020-09-08 00:00:00,10000.4,,10305.4,10149.0,9984.6
2020-09-07 00:00:00,10305.7,,10205.3,10434.4,10305.5
2020-09-06 00:00:00,10195.3,,10169.2,10296.4,10193.9
2020-09-05 00:00:00,10169.7,,10411.5,10239.9,10067.4
2020-09-04 00:00:00,10432.4,,10249.0,10558.7,10392.3
2020-09-03 00:00:00,10249.6,,11375.5,10329.9,10098.1
2020-09-02 00:00:00,11375.1,,11830.2,11437.4,11359.0
2020-09-01 00:00:00,11844.4,,11682.8,11947.5,11821.6
2020-08-31 00:00:00,11674.8,,11669.1,11692.0,11544.6
2020-08-30 00:00:00,11668.4,,11603.0,11712.2,11659.3
2020-08-29 00:00:00,11600.8,,11502.0,11623.6,11462.6
2020-08-28 00:00:00,11496.2,,11379.3,11539.8,11468.2
2020-08-27 00:00:00,11368.0,,11390.2,11396.1,11281.9
2020-08-26 00:00:00,11401.6,,11365.2,11479.7,11367.4
2020-08-25 00:00:00,11350.2,,11673.4,11401.0,11256.8
2020-08-24 00:00:00,11690.4,,11675.2,11766.9,11661.1
2020-08-23 00:00:00,11666.8,,11596.5,11681.1,11587.1
2020-08-22 00:00:00,11591.8,,11476.6,11680.5,11583.3
2020-08-21 00:00:00,11468.1,,11867.5,11536.9,11382.1
2020-08-20 00:00:00,11847.5,,11697.0,11877.4,11783.6
2020-08-19 00:00:00,11718.0,,11834.5,11822.2,11703.4
2020-08-18 00:00:00,11855.9,,12298.3,12013.2,11844.8
2020-08-17 00:00:00,12283.0,,11838.0,12381.4,12273.5
2020-08-16 00:00:00,11857.3,,11917.5,11919.7,11764.0
2020-08-15 00:00:00,11904.6,,11876.0,11909.7,11782.7
2020-08-14 00:00:00,11865.4,,11720.7,11962.9,11750.7
2020-08-13 00:00:00,11735.7,,11573.4,11820.3,11668.5
2020-08-12 00:00:00,11575.9,,11370.5,11652.1,11536.3
2020-08-11 00:00:00,11354.3,,11831.1,11408.8,11233.3
2020-08-10 00:00:00,11823.1,,11998.9,11931.8,11819.0
2020-08-09 00:00:00,12008.2,,11735.5,12041.1,11681.1
2020-08-08 00:00:00,11743.6,,11550.1,11792.8,11669.7
2020-08-07 00:00:00,11549.1,,11827.6,11650.4,11537.6
2020-08-06 00:00:00,11850.5,,11651.1,11901.8,11740.0
2020-08-05 00:00:00,11653.3,,11233.6,11790.2,11606.3
2020-08-04 00:00:00,11221.5,,11259.8,11228.3,11114.5
2020-08-03 00:00:00,11254.1,,11132.5,11407.8,11222.2
2020-08-02 00:00:00,11157.1,,11968.2,11202.7,10981.6
2020-08-01 00:00:00,11941.5,,11360.7,11943.4,11754.8
2020-07-31 00:00:00,11387.8,,10972.3,11394.3,11226.1
2020-07-30 00:00:00,10980.8,,10987.6,11124.4,10964.6
2020-07-29 00:00:00,10999.0,,10970.9,11114.4,10959.9
2020-07-28 00:00:00,10956.7,,10964.8,10989.8,10771.8
2020-07-27 00:00:00,10935.6,,10196.0,11229.1,10854.2
2020-07-26 00:00:00,10192.0,,9666.2,10211.2,9894.6
2020-07-25 00:00:00,9666.3,,9582.9,9690.7,9645.9
2020-07-24 00:00:00,9589.0,,9559.9,9612.7,9536.2
2020-07-23 00:00:00,9560.0,,9489.5,9599.8,9545.0
2020-07-22 00:00:00,9488.8,,9360.7,9522.9,9470.7
2020-07-21 00:00:00,9361.9,,9179.7,9389.0,9353.7
2020-07-20 00:00:00,9178.4,,9190.7,9194.6,9155.1
2020-07-19 00:00:00,9188.5,,9156.1,9218.4,9177.0
2020-07-18 00:00:00,9157.0,,9138.1,9179.7,9144.6
2020-07-17 00:00:00,9139.4,,9119.5,9167.0,9128.1
2020-07-16 00:00:00,9110.1,,9202.3,9141.4,9107.6
2020-07-15 00:00:00,9200.1,,9234.7,9224.2,9183.0
2020-07-14 00:00:00,9242.1,,9219.9,9270.2,9240.2
2020-07-13 00:00:00,9224.1,,9272.7,9245.6,9219.0
2020-07-12 00:00:00,9274.2,,9271.1,9319.9,9270.1
2020-07-11 00:00:00,9276.5,,9268.0,9286.0,9232.0
2020-07-10 00:00:00,9263.8,,9224.9,9295.5,9261.6
2020-07-09 00:00:00,9215.5,,9385.3,9239.6,9206.5
2020-07-08 00:00:00,9382.5,,9309.3,9434.5,9361.3
2020-07-07 00:00:00,9300.5,,9293.0,9319.9,9233.1
2020-07-06 00:00:00,9299.5,,9090.1,9371.2,9266.3
2020-07-05 00:00:00,9088.7,,9133.8,9114.1,9063.2
2020-07-04 00:00:00,9134.9,,9084.2,9149.6,9114.0
2020-07-03 00:00:00,9086.1,,9097.4,9100.0,9053.0
2020-07-02 00:00:00,9202.0,,9150.6,9259.7,9179.5
2020-07-01 00:00:00,9233.4,,9134.9,9259.7,9225.2
2020-06-30 00:00:00,9124.2,,9166.4,9148.0,9101.1
2020-06-29 00:00:00,9171.7,,9101.3,9199.8,9158.7
2020-06-28 00:00:00,9104.5,,8971.0,9148.6,9097.1
2020-06-27 00:00:00,8970.6,,9161.7,9008.2,8950.2
2020-06-26 00:00:00,9163.1,,9245.1,9179.8,9113.9
2020-06-25 00:00:00,9249.4,,9098.7,9296.5,9194.3
2020-06-24 00:00:00,9074.7,,9649.9,9306.0,9022.6
2020-06-23 00:00:00,9645.9,,9655.5,9663.7,9614.8
2020-06-22 00:00:00,9651.7,,9383.5,9715.6,9609.3
2020-06-21 00:00:00,9378.5,,9371.1,9395.2,9285.8
2020-06-20 00:00:00,9362.0,,9332.0,9397.7,9349.1
2020-06-19 00:00:00,9331.8,,9280.8,9350.1,9294.2
2020-06-18 00:00:00,9267.9,,9428.9,9390.3,9249.6
2020-06-17 00:00:00,9436.3,,9461.9,9468.8,9403.4
2020-06-16 00:00:00,9461.8,,9558.0,9532.3,9423.8
2020-06-15 00:00:00,9549.2,,9166.7,9570.7,9379.3
2020-06-14 00:00:00,9438.5,,9419.3,9474.7,9387.5
2020-06-13 00:00:00,9431.5,,9411.4,9474.7,9428.7
2020-06-12 00:00:00,9421.4,,9365.1,9475.8,9415.5
2020-06-11 00:00:00,9381.5,,9887.3,9391.3,9249.4
2020-06-10 00:00:00,9878.7,,9753.7,9945.2,9871.0
2020-06-09 00:00:00,9754.2,,9679.4,9805.8,9745.0
2020-06-08 00:00:00,9682.9,,9724.4,9857.2,9616.6
2020-06-07 00:00:00,9718.6,,9689.0,9770.5,9708.5
2020-06-06 00:00:00,9697.6,,9631.3,9701.9,9637.3
2020-06-05 00:00:00,9616.2,,9794.5,9629.3,9549.5
2020-06-04 00:00:00,9555.0,,9527.4,9686.1,9537.6
2020-06-03 00:00:00,9681.7,,9494.1,9686.1,9617.6
2020-06-02 00:00:00,9496.0,,10093.9,9538.1,9483.4
2020-06-01 00:00:00,10080.8,,9552.8,10207.3,10050.4
2020-05-31 00:00:00,9554.4,,9533.1,9695.6,9529.8
2020-05-30 00:00:00,9587.2,,9394.5,9695.6,9567.5
2020-05-29 00:00:00,9380.9,,9519.9,9428.5,9352.7
2020-05-28 00:00:00,9525.3,,9173.1,9596.5,9468.1
2020-05-27 00:00:00,9170.4,,8831.8,9268.8,9168.8
2020-05-26 00:00:00,8850.5,,8901.8,8891.0,8818.6
2020-05-25 00:00:00,8918.6,,8786.4,8922.9,8836.6
2020-05-24 00:00:00,8773.7,,9195.4,8817.9,8666.1
2020-05-23 00:00:00,9201.0,,9284.2,9229.5,9129.7
2020-05-22 00:00:00,9275.5,,8995.1,9303.2,9169.7
2020-05-21 00:00:00,8998.3,,9479.3,9129.2,8983.7
2020-05-20 00:00:00,9477.8,,9721.8,9567.1,9463.1
2020-05-19 00:00:00,9722.1,,9537.9,9788.8,9708.4
2020-05-18 00:00:00,9524.6,,9856.6,9737.8,9524.6
2020-05-17 00:00:00,9856.5,,9543.2,9930.2,9678.9
2020-05-16 00:00:00,9559.1,,9411.1,9570.4,9327.8
2020-05-15 00:00:00,9419.9,,9483.6,9451.9,9233.0
2020-05-14 00:00:00,9497.4,,9338.5,9819.6,9319.3
2020-05-13 00:00:00,9329.9,,8908.7,9364.5,9265.8
2020-05-12 00:00:00,8913.3,,8717.0,8964.7,8799.1
2020-05-11 00:00:00,8727.8,,8697.6,8729.7,8542.8
2020-05-10 00:00:00,8659.3,,9753.0,9569.4,8259.3
2020-05-09 00:00:00,8635.1,,9868.2,9569.4,8259.3
2020-05-08 00:00:00,9873.7,,9914.8,9910.5,9747.2
2020-05-07 00:00:00,9925.1,,9271.8,10018.2,9845.8
2020-05-06 00:00:00,9263.6,,8962.9,9338.2,9064.8
2020-05-05 00:00:00,8995.9,,8855.8,9038.2,8923.6
2020-05-04 00:00:00,8870.5,,8728.4,8920.7,8831.4
2020-05-03 00:00:00,8747.9,,9131.1,8926.2,8665.7
2020-05-02 00:00:00,9137.7,,8840.9,9169.9,8935.0
2020-05-01 00:00:00,8845.2,,8672.4,8858.9,8775.4
2020-04-30 00:00:00,8673.9,,9279.1,8758.1,8621.0
2020-04-29 00:00:00,9185.7,,7809.1,9187.7,8717.3
2020-04-28 00:00:00,7801.0,,7708.9,7822.6,7729.7
2020-04-27 00:00:00,7706.2,,7725.3,7770.1,7674.0
2020-04-26 00:00:00,7723.7,,7569.6,7768.4,7676.1
2020-04-25 00:00:00,7569.2,,7512.2,7586.4,7527.0
2020-04-24 00:00:00,7510.2,,7520.8,7516.9,7451.0
2020-04-23 00:00:00,7520.8,,7113.7,7541.5,7474.3
2020-04-22 00:00:00,7129.2,,6856.8,7169.6,7092.2
2020-04-21 00:00:00,6852.0,,6858.2,6879.7,6821.8
2020-04-20 00:00:00,6854.9,,7162.5,6907.7,6818.9
2020-04-19 00:00:00,7162.6,,7209.5,7187.7,7086.1
2020-04-18 00:00:00,7209.4,,7087.7,7238.0,7182.4
2020-04-17 00:00:00,7083.3,,7084.6,7105.9,7031.5
2020-04-16 00:00:00,7076.6,,6651.2,7118.5,7039.7
2020-04-15 00:00:00,6659.5,,6907.0,6663.2,6520.5
2020-04-14 00:00:00,6902.3,,6881.6,6903.2,6800.6
2020-04-13 00:00:00,6884.9,,6678.7,6899.5,6807.0
2020-04-12 00:00:00,6684.4,,6810.9,6920.1,6632.7
2020-04-11 00:00:00,6808.9,,6900.0,6889.8,6805.7
2020-04-10 00:00:00,6901.0,,7176.7,6915.5,6840.6
2020-04-09 00:00:00,7169.3,,7288.6,7294.4,7166.6
2020-04-08 00:00:00,7281.3,,7349.8,7360.7,7268.4
2020-04-07 00:00:00,7356.8,,7323.0,7370.1,7153.1
2020-04-06 00:00:00,7304.8,,6842.0,7440.3,7263.5
2020-04-05 00:00:00,6836.3,,6798.4,6875.8,6770.1
2020-04-04 00:00:00,6804.7,,6704.5,6889.4,6794.5
2020-04-03 00:00:00,6706.4,,6785.7,6785.3,6682.6
2020-04-02 00:00:00,6799.3,,6607.5,6830.2,6727.8
2020-04-01 00:00:00,6594.4,,6370.5,6727.0,6567.9
2020-03-31 00:00:00,6346.7,,6443.5,6425.5,6273.6
2020-03-30 00:00:00,6454.3,,6007.6,6513.1,6385.6
2020-03-29 00:00:00,5998.8,,6211.0,6022.8,5872.5
2020-03-28 00:00:00,6214.5,,6257.4,6258.8,6185.3
2020-03-27 00:00:00,6122.4,,6778.2,6374.3,6085.1
2020-03-26 00:00:00,6782.0,,6687.3,6813.7,6727.8
2020-03-25 00:00:00,6726.3,,6599.7,6772.9,6659.4
2020-03-24 00:00:00,6571.6,,6588.4,6744.8,6542.3
2020-03-23 00:00:00,6547.6,,5898.5,6643.2,6462.4
2020-03-22 00:00:00,5977.5,,6273.3,5986.6,5710.8
2020-03-21 00:00:00,6349.6,,6270.8,6359.5,6119.0
2020-03-20 00:00:00,6246.2,,6083.7,6355.5,6080.8
2020-03-19 00:00:00,6095.4,,5289.5,6261.9,6019.6
2020-03-18 00:00:00,5275.0,,5343.4,5404.1,5256.0
2020-03-17 00:00:00,5342.1,,5231.1,5362.5,5220.4
2020-03-16 00:00:00,5218.8,,5276.5,5368.9,4946.5
2020-03-15 00:00:00,5267.4,,5184.3,5369.3,5213.4
2020-03-14 00:00:00,5184.5,,5572.2,5277.5,5120.6
2020-03-13 00:00:00,5584.1,,5175.7,5634.9,5343.2
2020-03-12 00:00:00,5105.3,,7666.1,5499.0,3869.5
2020-03-11 00:00:00,7653.3,,7931.1,7963.1,7605.8
2020-03-10 00:00:00,7926.2,,7906.4,7964.9,7872.8
2020-03-09 00:00:00,7911.4,,8066.2,7966.1,7859.2
2020-03-08 00:00:00,8052.9,,8749.2,8158.8,8007.4
2020-03-07 00:00:00,8738.9,,9074.4,8888.0,8712.7
2020-03-06 00:00:00,9077.1,,9048.7,9141.5,9064.5
2020-03-05 00:00:00,9050.1,,8888.7,9079.4,9004.9
2020-03-04 00:00:00,8745.4,,8799.2,8840.3,8702.7
2020-03-03 00:00:00,8813.5,,8840.6,8830.0,8731.5
2020-03-02 00:00:00,8840.3,,8640.2,8911.7,8798.0
2020-03-01 00:00:00,8634.3,,8582.9,8648.0,8503.1
2020-02-29 00:00:00,8592.1,,8745.8,8665.6,8532.6
2020-02-28 00:00:00,8747.9,,8834.5,8766.9,8668.5
2020-02-27 00:00:00,8853.6,,8711.6,8898.7,8789.8
2020-02-26 00:00:00,8705.3,,9182.7,8804.3,8538.5
2020-02-25 00:00:00,9177.8,,9587.9,9368.1,9125.6
2020-02-24 00:00:00,9592.1,,9768.7,9672.3,9566.7
2020-02-23 00:00:00,9754.5,,9844.0,9981.0,9663.3
2020-02-22 00:00:00,9839.7,,9630.3,9896.9,9653.4
2020-02-21 00:00:00,9626.9,,9692.5,9706.5,9625.0
2020-02-20 00:00:00,9688.0,,9596.6,9729.7,9574.5
2020-02-19 00:00:00,9578.4,,10111.7,9653.6,9525.4
2020-02-18 00:00:00,10113.9,,9800.9,10177.9,10091.5
2020-02-17 00:00:00,9640.9,,9918.3,9951.5,9589.9
2020-02-16 00:00:00,9748.9,,10022.9,9951.5,9716.8
2020-02-15 00:00:00,10009.8,,10261.4,10056.4,9861.8
2020-02-14 00:00:00,10275.1,,10224.0,10369.8,10223.6
2020-02-13 00:00:00,10232.4,,10396.4,10289.8,10183.1
2020-02-12 00:00:00,10391.1,,10273.7,10425.9,10305.1
2020-02-11 00:00:00,10292.6,,9748.8,10312.1,10230.1
2020-02-10 00:00:00,9733.4,,10058.1,9860.4,9725.1
2020-02-09 00:00:00,10064.0,,10090.6,10181.7,10039.8
2020-02-08 00:00:00,10092.9,,9758.8,10115.4,9882.7
2020-02-07 00:00:00,9763.2,,9794.9,9826.0,9673.2
2020-02-06 00:00:00,9807.0,,9642.8,9849.3,9749.1
2020-02-05 00:00:00,9629.3,,9237.3,9649.4,9536.1
2020-02-04 00:00:00,9236.7,,9270.5,9237.3,9179.9
2020-02-03 00:00:00,9274.2,,9390.4,9347.5,9262.8
2020-02-02 00:00:00,9393.5,,9317.4,9582.8,9301.6
2020-02-01 00:00:00,9317.5,,9401.5,9383.4,9183.1
2020-01-31 00:00:00,9411.6,,9414.6,9458.8,9342.9
2020-01-30 00:00:00,9412.1,,9326.6,9525.0,9405.6
2020-01-29 00:00:00,9330.0,,9331.2,9355.1,9209.2
2020-01-28 00:00:00,9332.6,,9053.7,9403.9,9283.5
2020-01-27 00:00:00,9078.2,,8639.7,9126.4,8866.6
2020-01-26 00:00:00,8633.1,,8368.0,8692.5,8608.1
2020-01-25 00:00:00,8363.0,,8315.9,8377.2,8304.9
2020-01-24 00:00:00,8309.3,,8308.5,8447.6,8277.2
2020-01-23 00:00:00,8305.9,,8588.9,8415.5,8286.5
2020-01-22 00:00:00,8584.7,,8738.1,8687.3,8576.8
2020-01-21 00:00:00,8730.7,,8671.7,8751.7,8699.4
2020-01-20 00:00:00,8680.7,,8650.4,8692.1,8621.2
2020-01-19 00:00:00,8662.4,,9140.3,8733.3,8645.2
2020-01-18 00:00:00,9138.5,,8845.9,9183.7,8893.0
2020-01-17 00:00:00,8860.9,,8808.3,8982.3,8832.3
2020-01-16 00:00:00,8800.9,,8652.1,8829.1,8675.9
2020-01-15 00:00:00,8659.6,,8625.9,8850.0,8605.8
2020-01-14 00:00:00,8662.6,,8525.2,8891.7,8632.3
2020-01-13 00:00:00,8547.2,,8126.7,8562.1,8112.1
2020-01-12 00:00:00,8130.8,,8074.1,8196.7,8099.4
2020-01-11 00:00:00,8075.1,,8120.3,8110.4,7973.1
2020-01-10 00:00:00,8126.0,,7817.1,8242.3,8107.9
2020-01-09 00:00:00,7813.9,,7969.5,7871.4,7792.9
2020-01-08 00:00:00,7964.8,,8353.5,8065.9,7932.8
2020-01-07 00:00:00,8332.0,,7844.3,8436.4,8150.2
2020-01-06 00:00:00,7834.6,,7539.3,7979.3,7758.9
2020-01-05 00:00:00,7547.3,,7466.9,7583.0,7366.7
2020-01-04 00:00:00,7473.4,,7340.8,7501.0,7376.7
2020-01-03 00:00:00,7340.5,,7200.6,7354.5,7291.4
2020-01-02 00:00:00,7192.0,,7145.5,7220.8,6884.1
2020-01-01 00:00:00,7144.6,,7219.0,7209.6,7121.1
2019-12-31 00:00:00,7222.0,,7253.4,7239.7,7180.0
2019-12-30 00:00:00,7257.9,,7396.2,7284.0,7228.1
2019-12-29 00:00:00,7389.0,,7349.6,7398.0,7329.9
2019-12-28 00:00:00,7350.2,,7310.2,7356.8,7303.0
